2024-08-01, 11:16:19.259670, 88000000, 93000000, 98039.22, 204, -74.25, -61.66, -62.53, -69.16, -70.39, -76.67, -82.98, -82.33, -83.60, -83.81, -86.60, -77.00, -78.72, -71.35, -74.86, -77.20, -71.06, -76.04, -68.79, -70.18, -74.32, -69.52, -70.20, -68.31, -71.73, -73.66, -83.00, -74.97, -72.53, -72.45, -82.71, -63.21, -62.80, -67.91, -67.25, -63.94, -66.72, -77.62, -72.80, -69.65, -71.00, -73.83, -81.55, -72.09, -66.91, -69.74, -74.89, -69.16, -66.58, -64.50, -69.40
2024-08-01, 11:16:19.259670, 98000000, 103000000, 98039.22, 204, -72.57, -74.16, -73.57, -73.52, -96.31, -75.26, -69.76, -68.74, -71.87, -69.51, -70.35, -73.75, -81.00, -83.54, -94.50, -80.26, -74.14, -72.92, -74.38, -78.39, -73.63, -74.84, -76.21, -73.30, -70.03, -72.00, -69.09, -55.44, -54.99, -69.24, -71.19, -77.78, -67.95, -58.57, -61.33, -74.42, -76.18, -66.58, -66.54, -71.27, -62.31, -60.37, -65.59, -71.26, -75.12, -74.37, -78.30, -69.22, -66.70, -69.86, -88.53
2024-08-01, 11:16:19.259670, 93000000, 98000000, 98039.22, 204, -69.58, -70.94, -60.87, -60.03, -70.11, -86.43, -76.62, -70.08, -67.27, -69.79, -81.35, -70.50, -76.87, -77.03, -76.14, -84.91, -77.27, -73.54, -79.90, -71.03, -72.18, -73.77, -73.60, -79.39, -77.92, -73.50, -68.86, -74.15, -73.61, -79.52, -73.27, -71.40, -71.89, -71.50, -75.92, -75.57, -80.99, -72.67, -70.50, -79.53, -61.45, -63.40, -70.95, -66.63, -69.10, -72.13, -68.90, -70.28, -70.14, -69.76, -70.16
2024-08-01, 11:16:19.259670, 103000000, 108000000, 98039.22, 204, -82.49, -77.46, -67.77, -74.33, -77.55, -79.58, -71.16, -68.93, -61.12, -60.94, -71.17, -70.40, -68.29, -71.40, -73.87, -70.13, -66.39, -59.52, -67.15, -74.95, -71.69, -68.47, -70.41, -65.11, -61.32, -66.19, -74.65, -76.34, -78.06, -78.85, -62.92, -63.29, -75.46, -90.66, -74.28, -70.15, -67.38, -69.16, -70.29, -71.94, -69.50, -71.08, -71.72, -71.29, -75.27, -79.46, -77.98, -77.37, -70.38, -79.27, -74.71
2024-08-01, 11:16:19.259670, 88000000, 93000000, 98039.22, 204, -71.40, -63.19, -67.38, -88.96, -76.00, -74.86, -69.80, -70.44, -74.54, -71.31, -69.00, -67.15, -70.93, -68.54, -70.99, -93.74, -74.23, -73.08, -80.50, -75.73, -72.77, -75.52, -77.64, -83.15, -76.16, -71.97, -70.05, -75.29, -74.61, -77.98, -66.33, -63.04, -70.67, -106.30, -72.95, -64.54, -65.35, -74.15, -83.66, -72.38, -70.27, -72.08, -79.09, -76.54, -72.04, -68.46, -72.28, -87.01, -69.17, -67.29, -74.60
2024-08-01, 11:16:19.259670, 98000000, 103000000, 98039.22, 204, -73.05, -75.32, -72.21, -77.27, -87.60, -79.07, -86.37, -76.72, -84.04, -76.36, -76.12, -71.72, -70.44, -74.17, -87.40, -88.45, -71.37, -67.03, -72.25, -72.01, -68.50, -67.24, -69.63, -72.60, -71.40, -78.33, -69.22, -58.60, -55.98, -67.22, -80.82, -80.03, -61.96, -56.55, -61.58, -86.76, -76.34, -73.14, -77.22, -68.05, -65.23, -60.13, -64.51, -71.49, -82.88, -83.13, -72.41, -68.82, -83.46, -71.42, -78.90
2024-08-01, 11:16:19.259670, 93000000, 98000000, 98039.22, 204, -81.03, -88.07, -62.87, -60.33, -69.34, -76.49, -72.53, -74.61, -74.39, -69.39, -79.46, -78.88, -75.57, -69.83, -71.38, -77.96, -71.46, -67.95, -71.87, -72.58, -71.03, -75.52, -73.62, -67.61, -67.55, -71.67, -71.36, -73.14, -80.32, -87.40, -77.24, -71.84, -73.62, -100.12, -76.34, -91.09, -80.45, -81.98, -78.02, -78.62, -63.19, -65.46, -79.88, -73.77, -72.63, -72.51, -72.51, -74.94, -82.64, -75.00, -75.58
2024-08-01, 11:16:19.259670, 103000000, 108000000, 98039.22, 204, -80.55, -86.07, -72.30, -70.83, -71.94, -73.09, -74.55, -83.21, -63.06, -58.56, -64.42, -75.19, -70.32, -67.17, -73.01, -76.14, -72.43, -60.99, -59.04, -65.62, -76.40, -78.22, -72.20, -66.30, -63.49, -69.15, -83.94, -87.66, -75.58, -64.28, -59.61, -66.06, -71.65, -72.56, -81.52, -72.71, -72.07, -73.44, -67.32, -75.45, -72.13, -70.74, -69.33, -75.71, -74.64, -73.13, -68.99, -66.28, -70.58, -73.68, -69.80
2024-08-01, 11:16:19.259670, 88000000, 93000000, 98039.22, 204, -66.80, -62.25, -68.19, -98.64, -78.26, -77.48, -78.09, -75.66, -79.57, -77.02, -72.76, -68.78, -70.57, -83.03, -73.04, -71.18, -74.91, -72.33, -71.73, -76.03, -69.06, -66.80, -69.24, -74.77, -84.78, -86.45, -81.54, -82.58, -76.38, -75.85, -67.19, -60.56, -64.53, -76.74, -69.92, -63.42, -63.75, -71.87, -70.41, -69.06, -77.49, -72.26, -71.08, -74.24, -68.84, -71.50, -85.37, -71.64, -72.25, -77.05, -76.95
2024-08-01, 11:16:19.259670, 98000000, 103000000, 98039.22, 204, -76.77, -75.51, -82.78, -75.48, -84.44, -77.09, -80.29, -93.67, -91.87, -76.99, -71.82, -75.98, -77.72, -71.50, -69.70, -71.19, -70.55, -77.47, -70.77, -69.59, -73.49, -73.66, -73.52, -77.57, -85.98, -78.13, -72.63, -57.71, -54.93, -65.99, -79.59, -72.95, -63.53, -59.17, -67.22, -72.81, -76.21, -64.86, -69.31, -79.81, -68.42, -61.10, -68.38, -68.08, -68.44, -73.51, -69.80, -73.28, -77.69, -73.76, -75.69
2024-08-01, 11:16:19.259670, 93000000, 98000000, 98039.22, 204, -76.49, -73.26, -62.43, -62.65, -68.75, -81.39, -71.81, -71.50, -83.98, -72.38, -84.49, -75.25, -75.44, -73.43, -71.78, -72.18, -74.05, -69.94, -72.25, -82.93, -76.29, -71.09, -68.54, -68.81, -79.39, -73.69, -92.56, -76.18, -79.04, -70.68, -68.92, -71.89, -76.86, -84.27, -75.75, -76.57, -70.49, -73.50, -77.48, -64.81, -58.74, -61.35, -69.08, -68.63, -74.56, -78.65, -70.26, -68.65, -71.58, -75.22, -81.30
2024-08-01, 11:16:19.259670, 103000000, 108000000, 98039.22, 204, -71.20, -76.57, -70.11, -78.00, -96.46, -70.45, -71.17, -70.52, -60.04, -59.99, -70.57, -96.54, -75.87, -71.11, -70.37, -73.74, -63.58, -57.47, -60.74, -71.29, -72.02, -72.90, -79.64, -64.97, -59.79, -62.46, -69.17, -75.77, -83.48, -70.31, -65.57, -71.90, -74.10, -79.20, -71.67, -72.86, -69.32, -63.53, -65.46, -75.44, -76.52, -83.35, -69.23, -66.82, -71.66, -72.48, -73.07, -93.73, -73.33, -72.82, -80.42
2024-08-01, 11:16:19.259670, 88000000, 93000000, 98039.22, 204, -67.69, -70.82, -67.31, -84.01, -76.10, -72.72, -67.78, -79.60, -73.57, -72.99, -71.66, -71.90, -73.13, -74.32, -75.86, -81.78, -72.77, -73.49, -75.59, -74.43, -78.42, -76.80, -79.44, -68.88, -71.25, -76.60, -71.85, -71.53, -77.68, -74.52, -66.64, -62.65, -66.62, -77.78, -68.63, -65.71, -73.80, -75.03, -76.62, -74.85, -72.03, -84.51, -71.46, -70.64, -77.53, -77.52, -69.12, -68.61, -70.91, -74.86, -76.59
2024-08-01, 11:16:19.259670, 98000000, 103000000, 98039.22, 204, -77.93, -76.95, -81.46, -75.29, -85.16, -75.68, -82.67, -72.36, -74.17, -82.62, -79.00, -76.59, -67.29, -72.34, -72.83, -73.84, -83.76, -74.51, -78.13, -71.20, -68.40, -75.02, -82.50, -81.86, -76.37, -72.77, -69.11, -57.40, -53.90, -60.33, -71.56, -72.57, -66.23, -59.42, -62.69, -84.81, -71.68, -72.49, -80.54, -89.88, -72.87, -62.03, -63.42, -72.12, -77.13, -77.70, -71.67, -77.22, -82.32, -92.51, -75.64
2024-08-01, 11:16:19.259670, 93000000, 98000000, 98039.22, 204, -74.90, -74.65, -65.01, -63.20, -75.99, -82.03, -74.56, -80.41, -81.04, -73.26, -74.71, -72.54, -71.15, -74.52, -76.17, -71.66, -72.67, -77.17, -78.56, -78.49, -77.84, -81.99, -74.16, -75.30, -72.13, -73.38, -77.68, -78.11, -89.74, -77.14, -74.44, -74.74, -75.49, -84.53, -77.84, -76.33, -76.61, -81.57, -76.04, -72.78, -63.76, -66.84, -78.95, -77.37, -84.56, -86.82, -80.56, -69.78, -70.68, -75.14, -77.20
2024-08-01, 11:16:19.259670, 103000000, 108000000, 98039.22, 204, -74.13, -84.51, -71.77, -76.84, -75.84, -70.31, -77.24, -72.97, -62.71, -62.87, -80.14, -66.72, -66.41, -75.59, -78.64, -75.27, -68.39, -60.21, -70.67, -69.70, -69.50, -73.20, -79.54, -66.95, -60.53, -63.38, -69.85, -73.01, -76.70, -65.70, -59.76, -62.30, -73.31, -77.74, -75.46, -78.20, -73.78, -67.01, -69.38, -70.20, -68.74, -76.23, -68.79, -68.72, -78.40, -77.82, -79.50, -72.66, -76.62, -75.16, -75.00
2024-08-01, 11:16:19.259670, 88000000, 93000000, 98039.22, 204, -71.27, -71.55, -65.80, -67.76, -70.78, -68.16, -68.58, -72.67, -78.22, -81.40, -72.83, -73.76, -73.68, -70.46, -82.59, -70.78, -72.50, -69.27, -70.17, -74.60, -78.21, -74.01, -78.87, -79.24, -75.41, -70.95, -70.72, -76.18, -75.56, -73.54, -76.68, -62.61, -64.61, -75.65, -67.81, -61.93, -65.65, -80.65, -68.77, -68.23, -71.51, -74.69, -72.64, -74.07, -74.87, -71.10, -75.18, -79.06, -75.39, -72.18, -78.59
2024-08-01, 11:16:19.259670, 98000000, 103000000, 98039.22, 204, -75.17, -84.33, -83.27, -70.64, -70.30, -73.70, -73.97, -75.34, -74.58, -72.42, -73.35, -80.39, -71.68, -71.07, -75.13, -76.10, -76.41, -74.95, -69.67, -72.16, -82.03, -79.64, -68.25, -67.89, -76.43, -95.82, -88.58, -65.18, -56.22, -58.64, -74.09, -81.83, -65.31, -58.01, -60.43, -69.70, -81.01, -70.91, -73.22, -74.91, -79.23, -69.48, -61.33, -63.09, -71.46, -75.77, -75.31, -75.65, -82.63, -81.67, -79.01
2024-08-01, 11:16:19.259670, 93000000, 98000000, 98039.22, 204, -72.57, -76.66, -64.55, -60.61, -75.84, -71.41, -81.68, -76.62, -72.18, -72.03, -98.97, -76.94, -75.04, -77.07, -83.10, -80.29, -84.60, -73.33, -68.46, -66.39, -74.21, -73.64, -74.47, -86.06, -71.02, -70.28, -72.34, -80.89, -74.39, -74.12, -72.26, -75.24, -78.36, -77.11, -78.42, -72.53, -74.83, -74.39, -77.53, -66.19, -60.26, -64.16, -73.56, -79.31, -75.67, -74.54, -83.52, -77.21, -74.69, -83.67, -70.36
2024-08-01, 11:16:19.259670, 103000000, 108000000, 98039.22, 204, -76.16, -93.61, -93.74, -77.11, -77.04, -75.31, -71.40, -78.25, -62.02, -61.93, -84.42, -82.85, -69.69, -65.74, -69.46, -73.68, -61.29, -59.34, -67.30, -82.47, -83.80, -76.77, -75.03, -65.77, -61.79, -69.31, -72.43, -70.06, -77.22, -67.06, -61.24, -64.24, -70.84, -73.20, -72.25, -67.57, -66.85, -67.08, -69.58, -76.37, -78.99, -79.54, -74.08, -69.16, -70.31, -73.62, -73.10, -80.08, -74.85, -75.18, -77.58
2024-08-01, 11:16:19.259670, 88000000, 93000000, 98039.22, 204, -69.33, -72.35, -63.31, -71.21, -77.46, -84.14, -94.80, -80.93, -87.45, -80.09, -82.17, -72.80, -69.89, -73.11, -76.64, -90.98, -82.93, -70.96, -67.91, -73.03, -84.87, -73.88, -77.89, -80.26, -70.58, -68.48, -74.65, -80.72, -86.89, -93.42, -70.88, -62.19, -63.72, -74.97, -68.09, -63.48, -64.91, -73.70, -85.04, -76.93, -77.47, -88.74, -83.96, -75.65, -77.23, -72.71, -69.29, -72.15, -73.72, -70.23, -72.57
2024-08-01, 11:16:19.259670, 98000000, 103000000, 98039.22, 204, -79.52, -73.76, -72.88, -78.69, -90.72, -72.40, -70.87, -82.60, -85.29, -75.03, -76.16, -72.25, -69.24, -69.34, -67.60, -71.04, -78.90, -84.35, -71.67, -66.96, -66.89, -69.39, -82.65, -77.62, -77.84, -82.03, -75.47, -65.23, -55.85, -60.97, -72.22, -77.80, -74.43, -60.42, -61.23, -80.24, -73.96, -65.83, -66.56, -73.74, -77.31, -65.62, -62.94, -70.36, -72.12, -76.72, -76.41, -75.54, -84.09, -77.52, -90.29
2024-08-01, 11:16:19.259670, 93000000, 98000000, 98039.22, 204, -70.41, -74.48, -63.10, -68.93, -67.23, -72.86, -78.78, -76.51, -77.32, -74.58, -66.92, -69.63, -73.79, -79.24, -70.19, -66.79, -71.24, -69.87, -70.58, -74.57, -70.87, -68.43, -83.83, -70.44, -68.52, -72.29, -74.72, -83.54, -81.60, -76.81, -79.19, -75.20, -70.78, -72.72, -71.89, -69.37, -73.00, -77.13, -70.53, -65.38, -60.25, -63.73, -73.62, -69.60, -67.69, -69.02, -77.57, -77.61, -77.10, -87.84, -74.97
2024-08-01, 11:16:19.259670, 103000000, 108000000, 98039.22, 204, -81.25, -85.05, -84.24, -88.89, -75.76, -72.22, -70.02, -74.13, -65.58, -61.10, -66.91, -67.79, -68.98, -71.69, -81.15, -70.97, -79.39, -60.89, -61.40, -80.22, -72.44, -76.88, -74.86, -83.06, -65.62, -69.81, -75.75, -70.04, -70.83, -79.14, -63.27, -64.77, -69.41, -73.26, -78.95, -77.23, -77.32, -69.47, -66.77, -71.47, -79.28, -69.39, -68.18, -76.95, -75.32, -74.96, -74.06, -73.23, -80.33, -75.36, -81.13
2024-08-01, 11:16:19.259670, 88000000, 93000000, 98039.22, 204, -74.05, -71.80, -65.62, -67.08, -73.89, -76.90, -80.30, -73.48, -71.73, -85.78, -71.13, -69.40, -73.76, -81.42, -80.92, -74.22, -67.11, -70.11, -75.56, -76.34, -77.75, -77.82, -82.36, -90.88, -91.63, -75.67, -76.65, -79.66, -69.62, -70.02, -64.78, -61.63, -73.29, -78.23, -75.10, -66.07, -66.81, -75.37, -76.58, -80.68, -69.58, -67.97, -69.72, -68.82, -69.36, -69.91, -74.45, -83.51, -77.72, -79.66, -72.57
2024-08-01, 11:16:19.259670, 98000000, 103000000, 98039.22, 204, -75.67, -78.86, -75.07, -73.17, -70.43, -82.64, -69.66, -68.67, -67.35, -67.69, -74.73, -69.93, -70.51, -73.62, -70.79, -96.14, -70.92, -74.89, -76.66, -68.75, -70.40, -72.76, -70.62, -80.89, -75.69, -73.49, -66.68, -64.31, -56.67, -58.54, -67.82, -67.75, -63.22, -60.59, -66.84, -70.34, -69.05, -67.79, -67.44, -67.91, -72.90, -60.90, -65.25, -78.33, -70.62, -74.06, -81.64, -72.09, -69.04, -67.01, -69.47
2024-08-01, 11:16:19.259670, 93000000, 98000000, 98039.22, 204, -81.35, -67.00, -59.11, -64.08, -82.48, -83.09, -72.46, -68.67, -70.92, -78.44, -73.03, -72.54, -82.68, -73.01, -83.36, -69.64, -77.08, -72.56, -71.43, -78.10, -70.77, -67.11, -74.16, -85.58, -73.32, -73.14, -73.76, -77.78, -77.74, -78.88, -69.69, -70.44, -72.25, -75.90, -76.24, -77.30, -77.72, -67.98, -69.88, -68.29, -59.63, -63.04, -90.21, -90.88, -73.32, -71.92, -77.36, -84.31, -80.69, -75.01, -82.61
2024-08-01, 11:16:19.259670, 103000000, 108000000, 98039.22, 204, -73.60, -81.07, -69.33, -67.69, -69.42, -68.04, -71.18, -74.80, -61.64, -58.58, -67.66, -70.28, -67.67, -68.42, -69.20, -71.34, -60.93, -58.97, -68.38, -81.62, -73.48, -73.77, -76.40, -65.57, -63.21, -69.37, -71.54, -76.38, -75.29, -65.76, -62.50, -66.98, -74.62, -75.93, -74.44, -73.42, -80.55, -66.26, -67.27, -76.30, -84.56, -87.67, -71.81, -70.62, -74.18, -73.01, -75.48, -73.28, -79.94, -71.88, -80.85
2024-08-01, 11:16:19.259670, 88000000, 93000000, 98039.22, 204, -73.91, -68.78, -62.59, -65.92, -79.05, -73.13, -73.17, -72.18, -69.14, -71.09, -69.57, -68.91, -70.76, -70.68, -71.19, -75.74, -83.90, -75.11, -79.55, -78.03, -70.99, -74.95, -73.74, -73.41, -80.77, -73.63, -72.87, -88.41, -72.23, -74.41, -71.88, -62.23, -60.38, -73.05, -84.45, -63.28, -61.40, -65.33, -72.49, -81.96, -85.65, -74.40, -72.31, -69.79, -71.30, -79.15, -76.99, -78.54, -77.20, -72.98, -77.55
2024-08-01, 11:16:19.259670, 98000000, 103000000, 98039.22, 204, -78.50, -72.52, -73.28, -74.62, -71.34, -70.64, -92.14, -73.78, -79.21, -73.23, -67.77, -70.03, -78.44, -82.29, -96.67, -79.70, -79.67, -76.88, -76.29, -69.50, -71.53, -75.08, -72.21, -76.17, -71.37, -74.53, -79.43, -67.54, -56.48, -57.98, -74.58, -70.10, -61.06, -58.67, -68.16, -77.47, -83.60, -77.79, -70.85, -72.70, -63.32, -57.65, -62.16, -76.80, -73.60, -71.30, -70.13, -73.66, -74.26, -84.95, -78.35
2024-08-01, 11:16:19.259670, 93000000, 98000000, 98039.22, 204, -87.56, -75.68, -65.04, -61.08, -66.77, -75.84, -72.87, -77.44, -78.08, -74.52, -75.66, -82.83, -71.90, -77.87, -78.00, -70.30, -70.75, -73.64, -72.49, -70.60, -70.14, -83.04, -73.04, -72.44, -71.38, -74.77, -69.64, -70.11, -73.38, -74.48, -79.87, -82.75, -75.97, -78.57, -78.44, -71.05, -72.88, -80.00, -73.89, -76.08, -63.36, -65.53, -73.78, -71.21, -68.86, -72.37, -83.25, -89.15, -76.39, -67.28, -69.09
2024-08-01, 11:16:19.259670, 103000000, 108000000, 98039.22, 204, -70.96, -67.14, -68.46, -75.50, -72.96, -68.89, -74.81, -71.58, -60.30, -60.08, -78.78, -77.79, -70.22, -67.97, -72.16, -77.74, -62.04, -59.22, -69.11, -78.56, -73.00, -71.29, -75.47, -69.09, -65.51, -78.36, -70.98, -74.52, -76.44, -73.34, -61.37, -60.68, -66.79, -70.08, -69.70, -70.42, -72.78, -74.87, -73.17, -75.85, -79.30, -77.15, -73.35, -67.75, -70.87, -70.26, -71.17, -86.14, -81.26, -77.22, -72.80
2024-08-01, 11:16:19.279483, 88000000, 93000000, 98039.22, 204, -67.22, -60.35, -65.40, -77.55, -72.47, -69.18, -66.98, -66.63, -71.27, -78.17, -84.90, -73.01, -71.64, -74.27, -71.48, -70.13, -71.02, -71.02, -72.66, -68.81, -71.15, -70.38, -67.70, -70.23, -73.40, -73.39, -71.99, -73.07, -74.75, -74.89, -67.68, -60.11, -63.29, -80.65, -71.87, -67.87, -70.11, -73.69, -80.94, -75.59, -79.65, -70.61, -70.12, -70.24, -73.33, -74.96, -73.35, -72.27, -77.58, -73.66, -72.35
2024-08-01, 11:16:19.279483, 98000000, 103000000, 98039.22, 204, -72.68, -71.88, -82.15, -76.89, -71.91, -74.01, -81.96, -80.55, -73.92, -73.23, -71.26, -76.55, -83.79, -74.19, -85.36, -77.63, -69.23, -71.27, -77.64, -80.87, -74.37, -78.17, -76.17, -70.80, -73.11, -73.87, -73.49, -59.05, -55.36, -66.04, -77.09, -81.04, -67.53, -57.48, -59.75, -72.98, -70.73, -73.44, -74.61, -78.36, -74.24, -62.85, -65.00, -76.84, -68.56, -69.43, -71.33, -76.24, -74.93, -69.90, -74.97
2024-08-01, 11:16:19.279483, 93000000, 98000000, 98039.22, 204, -74.04, -75.65, -66.07, -62.98, -68.97, -71.16, -75.85, -86.61, -77.71, -76.85, -68.21, -66.18, -70.10, -70.29, -73.09, -78.40, -81.63, -90.68, -80.89, -72.80, -73.44, -74.25, -71.55, -68.02, -71.38, -86.35, -83.25, -70.96, -74.52, -86.87, -74.83, -72.71, -75.83, -73.40, -71.14, -78.49, -86.53, -70.48, -72.51, -71.83, -62.63, -64.75, -81.39, -74.54, -75.49, -77.50, -82.18, -75.83, -72.45, -71.91, -70.58
2024-08-01, 11:16:19.279483, 103000000, 108000000, 98039.22, 204, -74.71, -76.44, -73.44, -87.80, -72.36, -72.74, -81.25, -82.48, -62.47, -59.20, -68.20, -85.84, -82.08, -70.93, -67.65, -74.57, -61.86, -60.07, -77.93, -76.99, -71.00, -70.75, -97.44, -71.67, -63.00, -66.26, -74.48, -72.91, -75.34, -66.90, -62.91, -73.85, -79.67, -69.33, -69.46, -75.18, -74.97, -70.85, -74.24, -76.20, -75.60, -75.24, -70.83, -65.74, -68.58, -77.76, -74.10, -71.80, -71.41, -69.04, -70.94
2024-08-01, 11:16:19.279483, 88000000, 93000000, 98039.22, 204, -76.68, -63.98, -68.41, -86.44, -77.24, -72.73, -76.00, -73.75, -71.92, -75.63, -70.73, -68.81, -71.20, -74.63, -74.56, -73.68, -72.16, -74.20, -74.68, -69.97, -77.81, -76.52, -72.37, -72.48, -74.79, -69.61, -70.07, -80.35, -72.60, -70.38, -72.07, -65.45, -74.48, -74.84, -69.72, -68.78, -87.94, -77.93, -79.60, -73.55, -71.65, -72.65, -79.45, -72.66, -78.18, -71.27, -76.59, -109.20, -89.07, -80.36, -73.16
2024-08-01, 11:16:19.279483, 98000000, 103000000, 98039.22, 204, -68.79, -69.61, -86.57, -76.11, -72.08, -70.90, -74.08, -75.12, -78.62, -83.94, -71.12, -70.52, -74.52, -72.44, -79.05, -76.85, -85.51, -81.09, -79.04, -78.17, -79.39, -73.34, -75.56, -78.48, -77.60, -72.94, -68.96, -56.11, -56.83, -68.80, -67.55, -70.49, -61.05, -58.36, -66.97, -75.43, -86.88, -73.23, -75.12, -68.15, -66.41, -60.19, -62.68, -73.04, -77.57, -77.79, -73.63, -74.49, -74.31, -70.54, -68.17
2024-08-01, 11:16:19.279483, 93000000, 98000000, 98039.22, 204, -68.42, -69.52, -62.98, -65.04, -69.85, -75.18, -99.03, -76.44, -67.79, -67.64, -71.05, -72.67, -75.22, -73.98, -82.25, -85.10, -73.69, -73.59, -80.93, -68.87, -71.94, -78.96, -74.84, -76.29, -75.86, -86.56, -73.36, -71.90, -79.83, -71.31, -76.68, -71.27, -75.76, -92.02, -73.75, -69.74, -76.36, -82.16, -83.06, -66.56, -59.48, -63.34, -76.64, -83.84, -75.99, -73.04, -78.31, -71.15, -71.01, -75.22, -74.92
2024-08-01, 11:16:19.279483, 103000000, 108000000, 98039.22, 204, -76.52, -70.28, -68.91, -78.37, -71.54, -74.49, -89.15, -80.64, -62.60, -58.95, -66.67, -71.51, -71.86, -69.84, -74.23, -77.79, -68.32, -60.58, -61.55, -70.57, -72.98, -70.73, -72.49, -66.27, -60.52, -66.11, -77.07, -79.30, -78.16, -68.36, -63.38, -66.51, -70.87, -76.86, -77.00, -78.23, -77.93, -78.79, -71.31, -71.74, -75.07, -75.76, -80.28, -78.15, -72.65, -75.33, -88.06, -78.33, -75.97, -96.63, -86.07
2024-08-01, 11:16:19.279483, 88000000, 93000000, 98039.22, 204, -70.87, -64.15, -64.15, -71.68, -80.49, -90.06, -76.90, -72.79, -99.54, -82.09, -74.38, -71.32, -73.02, -88.30, -74.54, -73.42, -73.59, -71.50, -86.12, -75.78, -73.07, -86.40, -70.74, -69.77, -72.47, -74.97, -71.76, -71.65, -69.52, -69.79, -70.03, -63.16, -61.82, -67.95, -72.22, -64.95, -65.76, -72.91, -74.45, -79.59, -90.83, -82.17, -69.18, -67.60, -66.72, -71.21, -78.93, -73.86, -72.96, -77.89, -74.59
2024-08-01, 11:16:19.279483, 98000000, 103000000, 98039.22, 204, -72.78, -70.01, -74.26, -84.18, -77.75, -73.50, -74.53, -77.53, -74.25, -68.04, -68.31, -72.25, -85.58, -87.70, -86.77, -73.52, -72.46, -77.92, -75.42, -71.49, -75.15, -78.12, -72.97, -72.92, -73.75, -77.99, -69.48, -55.33, -54.58, -66.51, -86.38, -80.85, -64.93, -62.11, -70.48, -94.73, -67.87, -63.03, -67.35, -78.11, -67.53, -61.77, -67.61, -68.77, -72.74, -73.84, -77.04, -79.51, -76.42, -73.66, -75.08
2024-08-01, 11:16:19.279483, 93000000, 98000000, 98039.22, 204, -79.28, -85.17, -61.49, -60.61, -69.53, -70.42, -70.69, -75.91, -80.94, -72.69, -72.71, -80.12, -77.17, -75.85, -72.45, -76.76, -75.30, -75.18, -87.30, -80.00, -78.62, -88.89, -86.23, -78.77, -72.29, -74.12, -70.04, -75.55, -72.42, -77.22, -76.63, -73.33, -80.82, -96.83, -79.30, -95.96, -77.64, -77.91, -78.71, -67.95, -59.40, -59.49, -66.34, -71.42, -78.78, -79.28, -89.40, -73.56, -72.48, -77.46, -86.78
2024-08-01, 11:16:19.279483, 103000000, 108000000, 98039.22, 204, -72.80, -85.08, -69.65, -80.20, -77.53, -79.59, -75.74, -80.26, -63.53, -60.60, -66.60, -73.75, -76.84, -71.31, -70.42, -68.37, -59.98, -59.32, -69.59, -83.43, -74.69, -72.40, -72.19, -72.00, -62.90, -66.76, -76.87, -80.32, -85.62, -69.32, -62.07, -63.86, -82.85, -75.44, -79.38, -72.28, -73.27, -72.99, -74.81, -72.42, -86.34, -79.89, -74.58, -74.78, -72.83, -73.46, -76.80, -74.66, -68.88, -71.69, -71.60
2024-08-01, 11:16:19.279483, 88000000, 93000000, 98039.22, 204, -67.43, -74.12, -66.32, -69.32, -69.69, -74.28, -79.21, -79.39, -75.84, -80.49, -85.17, -72.28, -69.70, -73.96, -77.23, -72.41, -86.42, -67.58, -71.26, -77.97, -75.83, -73.12, -79.75, -71.99, -72.78, -75.18, -80.32, -80.78, -82.67, -82.12, -74.72, -64.13, -65.95, -76.70, -74.31, -69.28, -71.29, -69.85, -68.76, -67.41, -71.53, -85.20, -77.82, -77.82, -77.39, -74.21, -74.06, -75.30, -69.95, -72.01, -77.83
2024-08-01, 11:16:19.279483, 98000000, 103000000, 98039.22, 204, -81.25, -75.39, -83.59, -85.15, -75.85, -74.65, -83.24, -84.94, -85.00, -75.05, -75.40, -80.40, -74.43, -73.16, -72.80, -73.43, -69.92, -76.20, -75.07, -74.49, -78.04, -73.78, -87.07, -74.42, -83.54, -77.62, -72.01, -57.59, -55.52, -67.15, -79.05, -79.03, -62.70, -56.99, -62.35, -81.95, -70.68, -65.67, -66.03, -72.25, -74.00, -65.54, -60.91, -66.12, -87.04, -84.19, -85.73, -76.46, -72.02, -80.61, -70.40
2024-08-01, 11:16:19.279483, 93000000, 98000000, 98039.22, 204, -68.95, -65.78, -62.25, -65.43, -78.53, -72.27, -74.02, -74.30, -72.76, -70.91, -71.07, -76.10, -76.90, -75.24, -73.48, -74.02, -82.11, -79.65, -72.16, -76.86, -83.35, -75.21, -67.40, -68.17, -71.16, -78.69, -86.77, -84.85, -80.08, -70.95, -71.16, -76.35, -79.03, -77.48, -70.74, -70.58, -73.26, -70.58, -73.77, -69.09, -60.89, -63.37, -87.02, -79.18, -77.39, -80.88, -77.49, -71.72, -70.74, -70.63, -78.31
2024-08-01, 11:16:19.279483, 103000000, 108000000, 98039.22, 204, -75.14, -82.18, -74.86, -73.65, -80.37, -78.46, -79.86, -79.33, -62.12, -59.59, -68.49, -77.90, -69.56, -68.41, -71.12, -85.27, -62.41, -56.92, -62.55, -73.04, -76.72, -84.53, -78.47, -72.13, -62.58, -65.94, -79.22, -79.45, -76.78, -66.41, -60.69, -64.19, -86.90, -70.08, -72.67, -77.13, -74.52, -80.38, -73.73, -72.54, -72.56, -69.47, -68.64, -73.12, -83.92, -73.68, -71.38, -71.47, -71.40, -76.35, -83.67
2024-08-01, 11:16:19.279483, 88000000, 93000000, 98039.22, 204, -85.95, -67.95, -63.49, -69.69, -69.08, -80.33, -79.12, -76.20, -75.64, -75.40, -72.57, -71.23, -79.05, -76.32, -80.50, -75.01, -72.63, -68.64, -70.82, -91.33, -70.43, -71.57, -79.70, -86.69, -77.73, -76.36, -74.06, -71.04, -68.42, -73.05, -67.77, -68.56, -69.52, -68.28, -68.90, -61.49, -64.79, -75.85, -69.01, -67.77, -68.70, -71.97, -71.59, -71.02, -73.32, -77.86, -71.46, -70.80, -69.15, -73.47, -77.19
2024-08-01, 11:16:19.279483, 98000000, 103000000, 98039.22, 204, -69.63, -71.18, -74.51, -85.63, -75.61, -71.67, -80.84, -77.37, -71.64, -71.40, -75.34, -69.80, -72.28, -77.87, -75.24, -70.92, -71.77, -80.24, -79.26, -78.76, -74.42, -71.66, -70.45, -70.11, -72.44, -80.68, -75.95, -65.70, -54.41, -55.92, -70.51, -79.47, -68.87, -59.17, -58.01, -68.03, -70.73, -66.44, -70.67, -74.81, -72.13, -62.04, -64.80, -71.07, -67.38, -73.87, -75.55, -80.09, -72.25, -74.78, -83.68
2024-08-01, 11:16:19.279483, 93000000, 98000000, 98039.22, 204, -72.51, -98.07, -65.19, -59.73, -67.87, -67.84, -68.37, -71.22, -69.82, -70.49, -76.81, -75.29, -72.44, -73.46, -77.68, -77.46, -74.70, -70.58, -69.71, -71.90, -74.79, -72.53, -66.56, -64.15, -65.36, -67.74, -75.20, -70.16, -64.45, -66.93, -72.62, -79.33, -75.89, -74.93, -74.01, -72.37, -78.50, -70.09, -72.64, -70.17, -62.65, -66.01, -87.19, -76.97, -72.90, -72.82, -72.69, -72.66, -77.83, -73.80, -69.73
2024-08-01, 11:16:19.279483, 103000000, 108000000, 98039.22, 204, -73.34, -78.60, -74.88, -105.84, -75.43, -71.23, -70.95, -76.17, -63.61, -61.08, -75.42, -76.07, -69.64, -67.07, -71.55, -72.46, -65.42, -59.92, -64.41, -82.19, -70.07, -71.65, -91.03, -71.37, -66.34, -79.32, -78.48, -82.60, -84.82, -66.74, -62.77, -69.01, -79.05, -87.65, -77.78, -87.02, -78.27, -68.78, -73.73, -78.87, -83.62, -71.49, -67.88, -71.01, -77.84, -69.67, -72.22, -74.43, -75.40, -76.20, -77.37
2024-08-01, 11:16:19.279483, 88000000, 93000000, 98039.22, 204, -73.13, -65.23, -61.01, -64.78, -71.07, -67.69, -66.14, -75.17, -72.65, -73.61, -75.99, -74.42, -68.19, -66.53, -67.35, -74.18, -77.30, -84.14, -74.60, -69.06, -69.56, -71.66, -74.89, -71.43, -67.15, -67.23, -75.22, -79.85, -77.12, -69.73, -65.34, -64.39, -73.49, -69.01, -66.94, -64.46, -67.46, -83.16, -83.53, -80.13, -72.20, -70.21, -74.72, -91.92, -71.27, -69.06, -68.66, -66.25, -73.05, -77.70, -81.34
2024-08-01, 11:16:19.279483, 98000000, 103000000, 98039.22, 204, -75.93, -73.89, -74.70, -78.23, -78.74, -71.27, -70.15, -76.68, -70.27, -73.34, -75.50, -71.54, -72.81, -80.90, -70.73, -74.40, -95.09, -78.47, -76.35, -73.40, -72.46, -72.77, -73.03, -74.15, -82.53, -72.06, -68.04, -78.13, -60.74, -57.56, -64.45, -71.64, -59.94, -56.43, -63.60, -77.46, -72.87, -65.88, -67.81, -79.14, -75.46, -62.45, -65.31, -81.22, -76.18, -76.70, -75.68, -73.82, -75.09, -76.10, -79.19
2024-08-01, 11:16:19.279483, 93000000, 98000000, 98039.22, 204, -75.43, -67.52, -59.72, -65.11, -84.34, -77.05, -79.81, -75.80, -77.70, -76.52, -69.24, -68.03, -68.95, -74.84, -75.12, -69.44, -72.68, -72.68, -67.86, -65.72, -68.18, -71.04, -73.92, -76.58, -74.15, -70.56, -68.97, -73.95, -74.69, -72.70, -76.50, -75.88, -80.97, -81.68, -75.72, -79.54, -81.42, -75.56, -69.46, -80.88, -61.83, -62.65, -75.65, -86.94, -84.93, -82.92, -81.53, -81.65, -77.52, -74.29, -73.53
2024-08-01, 11:16:19.279483, 103000000, 108000000, 98039.22, 204, -79.32, -71.33, -68.32, -72.17, -74.82, -94.67, -75.20, -84.19, -62.00, -61.34, -69.18, -70.02, -70.26, -64.64, -67.31, -64.44, -57.75, -60.19, -79.32, -81.58, -72.79, -75.60, -82.80, -64.22, -61.38, -68.75, -74.94, -85.57, -69.36, -72.92, -62.49, -60.80, -70.73, -78.20, -83.62, -70.63, -69.12, -68.84, -69.08, -72.73, -80.92, -76.21, -73.75, -72.68, -71.46, -76.23, -76.49, -74.16, -79.72, -72.58, -70.37
2024-08-01, 11:16:19.279483, 88000000, 93000000, 98039.22, 204, -74.55, -67.65, -63.74, -69.42, -76.71, -74.86, -76.11, -80.06, -76.80, -82.89, -74.89, -72.23, -72.03, -72.56, -74.47, -73.70, -79.25, -70.62, -71.76, -70.93, -72.57, -78.30, -79.31, -75.56, -96.70, -71.81, -69.45, -71.70, -80.05, -77.00, -66.81, -62.12, -63.76, -75.01, -76.80, -67.79, -74.86, -80.11, -77.25, -75.60, -70.68, -74.19, -75.61, -71.84, -68.84, -68.72, -72.61, -76.12, -78.34, -73.50, -76.48
2024-08-01, 11:16:19.279483, 98000000, 103000000, 98039.22, 204, -73.67, -76.73, -75.78, -75.14, -74.75, -78.04, -74.13, -70.39, -78.31, -86.35, -89.94, -78.09, -74.36, -85.23, -75.35, -75.51, -83.19, -79.11, -71.67, -77.91, -69.17, -68.09, -74.91, -91.59, -79.95, -81.03, -78.18, -72.39, -56.62, -56.74, -68.69, -69.53, -75.12, -60.38, -61.16, -75.06, -74.01, -68.25, -70.18, -76.23, -65.38, -60.60, -66.06, -69.39, -63.91, -67.70, -72.27, -71.52, -72.02, -67.22, -68.96
2024-08-01, 11:16:19.279483, 93000000, 98000000, 98039.22, 204, -75.24, -72.47, -62.14, -60.96, -65.61, -66.27, -72.68, -87.68, -78.73, -78.78, -71.89, -73.01, -72.75, -71.73, -69.40, -76.56, -73.46, -72.29, -80.87, -71.92, -73.78, -77.92, -76.93, -75.25, -73.78, -76.77, -86.29, -79.37, -76.42, -73.96, -72.52, -78.84, -79.53, -89.85, -82.92, -80.08, -78.95, -85.48, -71.61, -70.47, -64.76, -66.22, -76.36, -72.48, -69.23, -73.96, -70.27, -66.95, -67.92, -88.41, -76.03
2024-08-01, 11:16:19.279483, 103000000, 108000000, 98039.22, 204, -73.70, -68.67, -66.15, -67.97, -72.67, -88.08, -73.91, -69.12, -63.31, -61.75, -77.56, -75.30, -74.09, -67.88, -72.65, -73.83, -60.53, -60.57, -72.34, -92.17, -83.82, -80.67, -73.66, -66.69, -63.00, -66.84, -81.04, -71.51, -70.08, -67.57, -63.24, -66.85, -74.22, -93.08, -76.48, -79.06, -75.42, -82.95, -71.19, -70.91, -72.89, -80.68, -69.31, -65.89, -76.83, -75.98, -83.80, -77.85, -84.11, -88.96, -78.77
2024-08-01, 11:16:19.279483, 88000000, 93000000, 98039.22, 204, -73.14, -60.54, -63.03, -71.75, -73.30, -75.20, -74.77, -79.26, -77.98, -79.20, -66.30, -64.37, -74.07, -74.30, -76.73, -73.81, -79.54, -79.34, -83.53, -70.97, -69.91, -87.02, -75.89, -68.02, -69.99, -78.39, -72.05, -74.52, -77.67, -75.73, -76.76, -63.27, -62.87, -72.90, -68.71, -63.55, -69.23, -72.87, -75.44, -78.49, -74.85, -81.44, -74.51, -66.38, -62.88, -64.10, -69.40, -78.02, -76.47, -71.04, -70.72
2024-08-01, 11:16:19.279483, 98000000, 103000000, 98039.22, 204, -72.89, -75.72, -75.28, -78.77, -69.50, -69.16, -76.49, -75.57, -71.41, -72.92, -74.20, -83.01, -76.53, -77.30, -76.13, -77.37, -67.20, -68.12, -74.56, -93.40, -94.67, -80.91, -73.89, -75.22, -73.84, -71.66, -72.84, -56.90, -54.31, -63.13, -70.10, -69.84, -64.76, -57.84, -60.87, -67.15, -78.69, -65.48, -65.29, -79.51, -73.97, -68.49, -62.66, -68.00, -80.51, -89.07, -75.14, -77.70, -73.73, -69.28, -73.95
2024-08-01, 11:16:19.279483, 93000000, 98000000, 98039.22, 204, -71.88, -63.43, -60.22, -71.38, -68.82, -71.39, -72.10, -69.01, -68.63, -71.10, -67.46, -69.77, -75.05, -71.48, -72.91, -77.32, -80.88, -80.23, -80.10, -70.23, -69.71, -74.39, -74.88, -75.47, -78.50, -80.51, -95.72, -75.36, -68.70, -67.75, -73.95, -80.65, -73.23, -72.26, -67.68, -67.91, -77.58, -74.78, -76.51, -68.82, -59.93, -61.90, -71.08, -74.20, -70.26, -69.39, -76.87, -77.67, -80.05, -78.77, -77.52
2024-08-01, 11:16:19.279483, 103000000, 108000000, 98039.22, 204, -77.30, -74.54, -68.99, -71.27, -73.91, -77.80, -73.36, -77.96, -60.11, -59.82, -70.92, -79.09, -71.29, -64.00, -67.20, -77.83, -67.54, -57.94, -59.08, -67.51, -70.29, -79.84, -78.70, -67.41, -60.97, -64.60, -74.61, -72.02, -91.81, -64.43, -61.43, -71.48, -73.78, -70.68, -67.45, -69.63, -88.29, -74.48, -79.47, -72.21, -71.97, -77.21, -69.44, -71.05, -72.53, -77.02, -74.89, -69.01, -71.39, -80.08, -73.80
2024-08-01, 11:16:19.299083, 88000000, 93000000, 98039.22, 204, -68.66, -62.57, -68.25, -75.78, -79.01, -83.85, -82.72, -79.16, -74.36, -73.33, -74.70, -80.28, -76.08, -74.59, -78.00, -75.64, -72.68, -74.59, -76.05, -74.68, -74.47, -91.74, -81.12, -79.95, -76.62, -70.26, -72.36, -74.21, -80.71, -75.58, -65.03, -60.29, -63.56, -71.79, -70.14, -63.54, -67.06, -74.45, -78.03, -76.20, -69.51, -71.47, -76.95, -81.60, -82.41, -72.01, -72.41, -74.07, -70.91, -68.54, -74.87
2024-08-01, 11:16:19.299083, 98000000, 103000000, 98039.22, 204, -77.57, -77.68, -81.01, -84.30, -85.47, -78.04, -68.79, -70.14, -74.68, -81.46, -86.56, -82.67, -91.23, -86.49, -84.54, -91.33, -78.22, -74.42, -73.66, -82.30, -78.69, -76.33, -77.93, -73.75, -87.92, -75.12, -77.86, -60.29, -55.05, -60.95, -73.66, -79.40, -62.81, -58.23, -65.34, -76.03, -72.55, -69.39, -75.91, -81.84, -70.09, -62.09, -63.63, -77.76, -75.66, -74.04, -81.00, -76.51, -84.57, -74.66, -83.28
2024-08-01, 11:16:19.299083, 93000000, 98000000, 98039.22, 204, -70.87, -69.60, -60.63, -62.42, -74.71, -76.60, -72.85, -80.66, -72.05, -74.46, -68.51, -71.42, -79.98, -78.69, -75.71, -74.57, -75.54, -75.21, -76.86, -75.93, -76.42, -70.25, -84.14, -76.76, -79.04, -74.12, -69.12, -75.84, -77.70, -84.65, -72.00, -69.72, -76.01, -89.73, -83.62, -78.96, -82.26, -85.85, -71.65, -70.44, -59.57, -61.44, -76.24, -69.72, -72.54, -80.13, -70.47, -68.61, -72.41, -78.42, -76.59
2024-08-01, 11:16:19.299083, 103000000, 108000000, 98039.22, 204, -80.08, -75.98, -68.92, -75.12, -73.25, -74.23, -83.77, -72.33, -59.16, -58.75, -71.54, -72.16, -70.88, -71.05, -79.56, -74.36, -70.73, -61.38, -59.59, -64.88, -73.97, -70.74, -68.26, -65.72, -62.29, -73.46, -75.74, -75.18, -67.79, -62.48, -60.56, -66.67, -70.01, -76.00, -75.80, -72.46, -69.81, -66.51, -68.55, -70.13, -75.98, -72.55, -66.50, -64.42, -66.19, -71.53, -88.57, -75.87, -75.17, -73.70, -73.53
2024-08-01, 11:16:19.299083, 88000000, 93000000, 98039.22, 204, -76.39, -69.82, -69.52, -80.77, -77.48, -72.77, -76.96, -72.01, -71.89, -72.85, -68.58, -67.32, -70.36, -80.82, -72.98, -80.65, -75.45, -72.69, -72.78, -69.14, -72.96, -76.55, -71.69, -71.65, -70.08, -73.25, -74.39, -68.47, -69.54, -70.26, -63.49, -58.14, -65.38, -71.20, -67.84, -63.64, -66.27, -74.38, -78.35, -76.95, -69.96, -71.32, -84.29, -78.12, -69.09, -67.80, -71.59, -73.81, -73.33, -82.28, -72.38
2024-08-01, 11:16:19.299083, 98000000, 103000000, 98039.22, 204, -67.84, -72.64, -82.00, -87.25, -73.19, -68.65, -72.68, -78.47, -73.24, -75.42, -81.13, -69.91, -72.84, -75.21, -79.11, -83.33, -79.53, -77.01, -75.46, -74.43, -71.74, -73.19, -74.33, -72.94, -73.58, -76.30, -77.61, -61.83, -55.19, -60.96, -75.39, -70.72, -64.64, -59.82, -65.69, -75.57, -74.88, -65.63, -66.29, -74.71, -71.27, -63.73, -70.44, -80.13, -72.85, -77.73, -76.14, -72.94, -74.35, -75.97, -81.09
2024-08-01, 11:16:19.299083, 93000000, 98000000, 98039.22, 204, -72.20, -70.99, -63.03, -58.85, -64.43, -70.91, -68.85, -70.84, -76.10, -83.21, -75.78, -78.07, -73.86, -69.78, -72.48, -75.46, -84.74, -76.40, -78.07, -70.03, -75.68, -75.95, -71.63, -72.28, -83.49, -91.48, -76.05, -74.52, -77.25, -67.79, -67.13, -70.93, -75.91, -76.74, -92.97, -81.34, -81.19, -74.04, -68.80, -68.65, -61.73, -63.49, -77.70, -82.34, -75.54, -71.57, -78.84, -83.95, -81.72, -77.26, -73.96
2024-08-01, 11:16:19.299083, 103000000, 108000000, 98039.22, 204, -77.27, -77.46, -72.81, -83.76, -73.35, -72.79, -72.49, -71.77, -63.41, -60.27, -73.95, -73.15, -74.07, -70.50, -68.08, -81.44, -68.95, -58.67, -58.60, -68.70, -79.72, -73.88, -77.94, -69.56, -63.23, -70.10, -69.64, -67.54, -71.00, -69.57, -62.51, -64.74, -76.74, -82.22, -75.02, -80.60, -70.42, -65.27, -67.19, -67.91, -69.64, -77.00, -67.27, -71.18, -77.19, -74.68, -86.71, -75.83, -77.58, -80.84, -72.39
2024-08-01, 11:16:19.299083, 88000000, 93000000, 98039.22, 204, -71.67, -61.95, -65.25, -77.30, -73.90, -89.12, -76.38, -77.83, -71.84, -82.04, -77.36, -75.50, -86.08, -77.21, -68.74, -68.19, -73.35, -73.74, -73.98, -81.57, -80.64, -82.25, -76.98, -81.06, -72.82, -70.20, -67.31, -70.22, -85.54, -70.42, -63.56, -59.93, -63.00, -68.88, -70.83, -67.39, -84.20, -73.25, -77.13, -78.81, -73.41, -72.67, -83.49, -73.28, -72.37, -73.21, -72.19, -78.95, -75.75, -75.44, -68.92
2024-08-01, 11:16:19.299083, 98000000, 103000000, 98039.22, 204, -78.62, -91.77, -81.11, -75.41, -72.45, -73.90, -69.28, -74.97, -76.77, -77.28, -74.27, -79.56, -70.89, -77.90, -77.76, -77.55, -74.10, -83.92, -70.71, -74.49, -75.78, -73.98, -68.49, -74.50, -76.54, -72.39, -70.41, -60.19, -54.18, -57.32, -70.40, -70.98, -64.74, -58.25, -62.78, -76.87, -77.06, -74.03, -76.51, -74.85, -74.95, -62.14, -59.57, -62.94, -67.92, -76.71, -77.00, -76.94, -79.03, -77.92, -88.39
2024-08-01, 11:16:19.299083, 93000000, 98000000, 98039.22, 204, -71.85, -78.10, -67.76, -64.21, -79.50, -65.30, -69.67, -80.51, -77.12, -74.22, -80.38, -71.91, -76.44, -72.67, -69.98, -71.19, -74.74, -76.56, -72.21, -71.51, -70.30, -83.88, -75.68, -87.72, -72.80, -77.17, -79.89, -74.42, -76.63, -76.31, -70.27, -67.88, -72.96, -76.14, -72.25, -76.90, -83.52, -70.85, -70.39, -73.71, -62.36, -64.77, -84.30, -71.71, -78.82, -77.78, -74.07, -79.21, -78.87, -77.39, -79.58
2024-08-01, 11:16:19.299083, 103000000, 108000000, 98039.22, 204, -72.99, -70.22, -70.23, -67.66, -74.66, -80.43, -88.17, -86.07, -64.23, -60.20, -65.42, -72.44, -75.03, -75.05, -77.83, -67.45, -57.88, -59.27, -69.90, -70.25, -67.31, -68.56, -75.59, -68.82, -61.20, -62.63, -66.89, -67.75, -76.39, -81.72, -63.39, -63.85, -70.07, -70.76, -71.10, -72.34, -90.83, -69.97, -74.66, -78.44, -81.56, -72.60, -72.25, -70.81, -81.03, -74.43, -78.02, -78.96, -71.79, -72.51, -78.55
2024-08-01, 11:16:19.299083, 88000000, 93000000, 98039.22, 204, -66.51, -63.30, -68.86, -86.94, -75.43, -68.88, -70.95, -92.36, -78.12, -69.08, -68.56, -71.86, -71.47, -74.34, -84.57, -76.31, -68.91, -68.31, -69.59, -70.93, -74.59, -80.27, -83.60, -74.06, -70.00, -70.34, -75.40, -73.25, -73.86, -81.28, -73.78, -63.76, -62.46, -68.33, -76.10, -67.81, -64.11, -68.62, -77.08, -76.16, -78.79, -75.66, -88.81, -85.43, -75.00, -70.91, -69.81, -69.28, -72.77, -74.46, -72.37
2024-08-01, 11:16:19.299083, 98000000, 103000000, 98039.22, 204, -74.75, -90.13, -86.53, -90.37, -82.73, -73.60, -68.69, -68.19, -70.69, -71.05, -68.73, -70.50, -72.40, -75.52, -69.02, -67.21, -82.92, -71.98, -72.65, -92.45, -77.25, -85.87, -81.92, -81.37, -82.23, -80.63, -79.95, -69.08, -55.94, -56.84, -72.76, -77.86, -72.15, -58.33, -60.26, -75.88, -78.26, -70.36, -70.07, -78.91, -80.19, -64.82, -68.51, -77.98, -79.30, -84.41, -81.38, -76.87, -73.58, -90.16, -88.93
2024-08-01, 11:16:19.299083, 93000000, 98000000, 98039.22, 204, -73.07, -71.67, -69.28, -63.12, -66.92, -69.96, -85.84, -76.25, -71.93, -74.98, -75.86, -72.00, -67.77, -73.85, -78.56, -78.82, -83.28, -80.07, -77.31, -74.41, -73.02, -67.31, -68.44, -77.71, -76.91, -74.61, -73.57, -77.67, -71.09, -84.19, -74.86, -74.18, -72.42, -78.36, -82.11, -79.35, -79.93, -78.79, -73.89, -65.32, -59.40, -62.09, -73.29, -83.17, -72.02, -69.94, -69.24, -68.62, -78.26, -78.16, -76.86
2024-08-01, 11:16:19.299083, 103000000, 108000000, 98039.22, 204, -72.36, -73.58, -66.02, -68.07, -82.76, -76.15, -78.30, -84.32, -62.47, -59.89, -70.34, -75.02, -77.59, -69.81, -72.67, -72.92, -62.18, -61.34, -72.80, -77.26, -81.58, -73.18, -68.98, -64.56, -63.10, -68.23, -72.60, -74.35, -69.92, -63.23, -61.77, -71.19, -78.97, -78.86, -70.33, -70.39, -71.14, -68.63, -78.57, -68.70, -68.79, -74.31, -69.72, -72.25, -69.51, -70.38, -78.07, -73.87, -71.66, -73.79, -85.04
2024-08-01, 11:16:19.299083, 88000000, 93000000, 98039.22, 204, -73.73, -65.60, -60.97, -66.54, -84.35, -74.97, -72.78, -76.13, -72.71, -71.29, -98.73, -77.18, -86.87, -73.94, -68.21, -68.83, -65.38, -69.01, -83.05, -74.87, -80.69, -76.12, -77.96, -77.02, -69.21, -68.32, -72.34, -79.96, -72.32, -71.36, -70.25, -63.10, -65.32, -75.06, -67.59, -60.97, -63.51, -71.93, -80.33, -75.51, -70.59, -70.98, -74.42, -72.06, -73.23, -80.60, -73.91, -69.14, -70.38, -75.88, -75.23
2024-08-01, 11:16:19.299083, 98000000, 103000000, 98039.22, 204, -70.01, -76.81, -78.29, -73.91, -74.37, -78.51, -71.47, -72.75, -72.35, -76.44, -77.50, -83.27, -76.73, -83.51, -75.30, -76.63, -77.80, -68.37, -67.00, -74.23, -79.54, -81.05, -83.18, -74.67, -70.81, -76.19, -69.98, -56.21, -55.22, -64.36, -69.19, -72.60, -67.09, -59.17, -63.30, -77.39, -72.16, -64.21, -68.84, -75.86, -83.87, -63.11, -63.04, -70.63, -73.98, -75.71, -72.67, -72.08, -67.68, -70.96, -78.34
2024-08-01, 11:16:19.299083, 93000000, 98000000, 98039.22, 204, -78.74, -73.40, -63.47, -64.86, -80.10, -76.76, -70.47, -69.86, -67.37, -68.66, -78.24, -82.98, -76.49, -74.24, -74.68, -73.81, -76.83, -84.52, -75.41, -83.40, -71.72, -70.93, -69.51, -68.20, -70.83, -70.98, -75.39, -72.45, -71.63, -73.95, -69.82, -70.80, -77.22, -74.87, -80.11, -75.49, -72.80, -69.65, -72.33, -67.18, -57.68, -58.78, -68.28, -69.00, -68.34, -75.00, -85.01, -76.76, -82.14, -80.91, -80.13
2024-08-01, 11:16:19.299083, 103000000, 108000000, 98039.22, 204, -89.20, -84.29, -66.96, -64.30, -69.80, -92.71, -77.29, -74.29, -63.38, -60.97, -69.33, -89.50, -79.48, -74.40, -80.48, -78.46, -65.56, -58.17, -61.23, -75.71, -93.22, -72.34, -71.47, -69.73, -62.49, -67.82, -76.82, -74.26, -68.94, -73.17, -63.67, -66.04, -75.19, -71.37, -76.05, -75.99, -81.64, -65.06, -71.72, -72.57, -81.63, -73.58, -68.39, -76.95, -75.82, -99.24, -96.14, -84.98, -79.05, -71.89, -67.11
2024-08-01, 11:16:19.299083, 88000000, 93000000, 98039.22, 204, -75.57, -64.01, -64.04, -73.50, -81.43, -80.38, -72.59, -70.44, -68.06, -67.40, -69.97, -75.58, -72.60, -71.81, -74.77, -70.46, -67.45, -70.49, -76.05, -74.13, -76.27, -72.04, -76.99, -80.03, -73.05, -76.90, -80.03, -78.12, -79.00, -75.62, -72.22, -61.95, -64.89, -72.86, -78.95, -67.30, -69.57, -68.54, -70.00, -79.11, -74.27, -73.89, -74.40, -80.67, -83.03, -76.64, -84.37, -75.31, -72.19, -73.24, -71.88
2024-08-01, 11:16:19.299083, 98000000, 103000000, 98039.22, 204, -83.44, -73.03, -68.23, -70.45, -80.75, -79.48, -79.37, -76.29, -74.14, -77.92, -81.02, -76.75, -73.63, -73.51, -70.49, -70.94, -74.41, -73.68, -77.67, -70.96, -72.37, -70.95, -67.84, -68.76, -76.83, -79.98, -89.11, -58.43, -53.84, -60.01, -73.40, -71.91, -76.88, -61.69, -59.13, -68.16, -74.27, -66.19, -70.35, -81.99, -69.12, -60.06, -63.76, -78.20, -68.22, -66.79, -69.13, -71.42, -69.87, -73.90, -85.74
2024-08-01, 11:16:19.299083, 93000000, 98000000, 98039.22, 204, -71.41, -69.65, -60.66, -65.92, -67.05, -79.51, -75.26, -75.51, -74.10, -72.03, -68.84, -74.72, -82.21, -81.71, -81.48, -74.72, -71.51, -71.74, -76.15, -68.55, -65.59, -67.70, -68.07, -69.32, -95.42, -77.86, -78.42, -71.56, -76.31, -80.17, -76.10, -71.69, -72.46, -79.02, -80.90, -72.84, -70.81, -71.48, -75.35, -67.83, -60.35, -62.92, -76.41, -78.55, -73.71, -71.68, -67.10, -67.26, -70.86, -77.39, -75.22
2024-08-01, 11:16:19.299083, 103000000, 108000000, 98039.22, 204, -72.09, -75.47, -85.76, -82.91, -77.38, -69.74, -66.05, -67.78, -61.69, -59.96, -66.38, -75.35, -84.34, -81.84, -99.35, -80.19, -62.24, -59.26, -67.15, -79.39, -74.15, -75.85, -75.32, -74.88, -65.43, -69.48, -75.27, -73.62, -74.36, -83.96, -65.43, -67.94, -78.46, -75.80, -78.05, -78.61, -75.69, -69.81, -70.19, -74.27, -71.85, -76.34, -87.19, -68.72, -68.50, -67.58, -68.34, -80.98, -73.51, -70.14, -69.69
2024-08-01, 11:16:19.299083, 88000000, 93000000, 98039.22, 204, -76.43, -64.37, -62.55, -73.72, -87.38, -70.45, -67.19, -69.80, -79.44, -82.91, -75.29, -71.56, -71.14, -75.84, -73.23, -77.05, -68.91, -68.17, -86.76, -77.13, -83.87, -73.65, -79.28, -74.91, -71.32, -68.42, -68.33, -72.83, -78.72, -71.93, -65.45, -63.67, -74.56, -76.81, -67.61, -65.47, -79.84, -74.05, -75.03, -71.54, -67.23, -71.68, -83.22, -86.30, -71.48, -70.12, -76.34, -83.16, -87.16, -74.03, -73.45
2024-08-01, 11:16:19.299083, 98000000, 103000000, 98039.22, 204, -69.18, -75.80, -79.25, -81.91, -83.24, -76.38, -74.37, -85.22, -80.47, -79.29, -72.97, -74.66, -77.91, -77.95, -85.71, -79.25, -83.24, -74.57, -74.95, -89.51, -73.12, -72.33, -70.06, -72.59, -84.33, -73.91, -69.65, -65.47, -55.62, -59.12, -77.79, -76.62, -66.29, -57.61, -60.77, -72.42, -71.07, -69.22, -68.43, -67.75, -76.60, -65.87, -63.86, -75.31, -77.81, -77.57, -79.77, -78.90, -75.88, -81.82, -74.20
2024-08-01, 11:16:19.299083, 93000000, 98000000, 98039.22, 204, -73.90, -65.64, -59.23, -65.50, -77.55, -74.02, -76.94, -76.27, -75.21, -69.97, -69.05, -78.56, -101.71, -74.99, -70.56, -70.79, -68.38, -68.83, -67.18, -68.37, -75.00, -73.53, -69.45, -73.76, -85.57, -79.78, -80.40, -81.30, -88.52, -87.47, -79.14, -72.48, -73.80, -78.16, -71.61, -84.54, -73.73, -68.31, -70.81, -70.00, -61.76, -70.36, -73.80, -82.06, -76.76, -76.18, -78.36, -92.82, -74.90, -73.67, -70.53
2024-08-01, 11:16:19.299083, 103000000, 108000000, 98039.22, 204, -80.69, -75.64, -72.44, -71.66, -68.04, -72.68, -72.95, -68.56, -61.62, -61.35, -78.97, -73.32, -76.21, -72.83, -74.10, -76.94, -63.33, -57.45, -62.50, -76.50, -75.03, -79.87, -72.77, -66.07, -63.13, -70.25, -69.79, -74.66, -72.46, -70.47, -63.35, -64.05, -84.68, -72.59, -72.19, -91.26, -68.31, -66.42, -73.84, -81.90, -85.80, -73.69, -66.56, -71.62, -71.25, -67.66, -69.90, -69.55, -67.23, -68.98, -69.84
2024-08-01, 11:16:19.299083, 88000000, 93000000, 98039.22, 204, -75.45, -63.30, -62.97, -69.89, -97.70, -76.16, -83.68, -73.61, -74.07, -68.72, -77.10, -72.00, -71.40, -73.72, -76.58, -76.69, -82.58, -71.43, -72.56, -86.59, -77.02, -71.56, -82.71, -72.41, -76.88, -84.40, -80.92, -78.99, -71.26, -70.03, -69.43, -65.04, -78.03, -74.96, -73.53, -64.17, -64.09, -75.49, -83.32, -73.08, -70.69, -73.39, -77.43, -77.61, -75.47, -72.27, -74.11, -75.24, -77.90, -67.38, -67.97
2024-08-01, 11:16:19.299083, 98000000, 103000000, 98039.22, 204, -74.63, -81.51, -74.48, -80.22, -76.03, -72.04, -75.58, -77.06, -74.39, -78.84, -73.85, -68.61, -72.05, -81.84, -70.98, -71.91, -74.00, -71.09, -72.82, -70.10, -73.99, -75.56, -74.78, -70.09, -72.50, -77.59, -72.32, -70.80, -57.26, -57.82, -70.29, -70.86, -75.52, -59.03, -60.53, -82.34, -67.73, -67.30, -70.70, -71.71, -69.23, -62.06, -67.12, -89.25, -82.92, -76.93, -74.95, -70.48, -70.99, -73.58, -77.75
2024-08-01, 11:16:19.299083, 93000000, 98000000, 98039.22, 204, -71.58, -74.07, -61.51, -61.18, -72.73, -71.83, -88.08, -72.68, -83.97, -86.19, -83.11, -77.45, -75.29, -73.14, -78.51, -72.30, -71.48, -70.45, -70.99, -74.47, -81.62, -73.71, -72.57, -86.83, -76.30, -87.80, -71.80, -68.93, -71.91, -83.11, -69.28, -69.97, -82.66, -77.32, -80.89, -73.88, -72.19, -78.78, -67.72, -81.61, -61.31, -61.71, -75.78, -78.05, -67.83, -68.86, -89.68, -85.09, -73.62, -71.07, -100.64
2024-08-01, 11:16:19.299083, 103000000, 108000000, 98039.22, 204, -85.06, -81.68, -76.74, -77.84, -74.74, -74.86, -77.82, -75.58, -62.05, -60.38, -75.61, -72.66, -81.63, -76.41, -77.95, -79.11, -63.36, -60.14, -70.43, -83.52, -77.95, -81.59, -73.36, -63.77, -62.74, -69.12, -74.42, -67.27, -67.59, -64.77, -60.74, -68.44, -71.20, -72.89, -80.94, -79.87, -74.76, -70.72, -69.71, -74.53, -86.08, -95.87, -68.60, -66.51, -70.79, -74.05, -78.77, -69.99, -71.28, -75.74, -70.86
2024-08-01, 11:16:19.318704, 88000000, 93000000, 98039.22, 204, -77.07, -67.89, -65.44, -69.33, -75.36, -79.83, -85.51, -75.26, -76.39, -77.65, -74.29, -72.79, -80.35, -82.16, -71.33, -73.53, -81.20, -74.48, -73.56, -71.86, -70.02, -75.71, -75.90, -77.72, -78.57, -81.32, -76.02, -77.56, -80.74, -79.25, -81.92, -65.05, -62.77, -68.60, -75.03, -66.77, -66.58, -78.65, -79.40, -79.51, -76.53, -82.01, -83.11, -74.34, -75.44, -84.43, -74.83, -76.23, -75.73, -79.88, -75.08
2024-08-01, 11:16:19.318704, 98000000, 103000000, 98039.22, 204, -70.85, -70.52, -73.14, -77.36, -86.81, -89.15, -74.65, -86.11, -70.98, -73.10, -84.55, -82.14, -80.64, -69.89, -72.77, -79.67, -82.30, -70.04, -68.32, -84.50, -83.50, -71.85, -70.69, -70.77, -72.66, -74.32, -67.11, -65.81, -56.14, -57.98, -69.03, -86.25, -71.42, -61.20, -62.55, -70.42, -68.86, -67.35, -73.13, -75.52, -71.84, -61.57, -62.13, -69.16, -77.14, -75.00, -85.66, -72.94, -73.59, -75.71, -71.96
2024-08-01, 11:16:19.318704, 93000000, 98000000, 98039.22, 204, -75.65, -68.92, -60.84, -64.69, -74.20, -73.66, -70.38, -68.75, -72.65, -73.74, -77.37, -77.04, -80.08, -76.70, -75.99, -68.69, -70.14, -76.76, -73.21, -72.75, -75.23, -76.94, -71.74, -70.59, -75.11, -77.82, -70.97, -71.59, -80.71, -78.88, -79.39, -83.51, -79.35, -77.56, -76.51, -78.45, -73.68, -76.47, -78.54, -81.13, -62.31, -59.92, -66.53, -74.95, -76.20, -71.59, -66.57, -71.33, -73.46, -70.26, -76.09
2024-08-01, 11:16:19.318704, 103000000, 108000000, 98039.22, 204, -67.52, -69.84, -80.02, -68.95, -67.51, -68.74, -71.99, -81.32, -61.08, -58.86, -65.26, -68.96, -73.04, -89.29, -91.63, -77.22, -68.50, -61.24, -68.99, -72.44, -71.24, -69.56, -72.22, -64.98, -61.67, -67.91, -84.74, -72.29, -71.66, -72.60, -67.74, -64.35, -76.39, -73.14, -91.82, -77.82, -71.40, -65.51, -67.31, -74.85, -76.05, -70.86, -62.64, -65.34, -75.40, -78.14, -74.12, -75.52, -89.06, -90.11, -87.19
2024-08-01, 11:16:19.318704, 88000000, 93000000, 98039.22, 204, -68.58, -62.49, -64.21, -72.38, -76.06, -75.18, -73.81, -80.52, -78.58, -70.74, -67.73, -72.07, -78.00, -75.86, -75.16, -74.64, -77.94, -70.36, -71.24, -72.72, -69.30, -70.05, -72.97, -72.59, -74.24, -73.60, -70.20, -71.15, -70.99, -75.38, -85.71, -65.52, -66.49, -70.52, -68.84, -67.10, -68.97, -79.66, -79.41, -80.02, -76.15, -72.65, -74.06, -74.64, -72.66, -75.90, -76.27, -74.61, -85.00, -75.51, -72.87
2024-08-01, 11:16:19.318704, 98000000, 103000000, 98039.22, 204, -68.84, -72.53, -71.33, -70.60, -72.73, -74.16, -81.16, -72.18, -76.78, -81.98, -74.13, -76.90, -88.33, -81.35, -73.08, -69.88, -72.49, -75.71, -74.13, -70.80, -78.55, -84.01, -81.90, -70.13, -71.01, -75.78, -74.56, -64.65, -55.84, -59.42, -72.01, -67.68, -63.04, -59.22, -64.56, -78.40, -69.85, -67.86, -86.14, -81.43, -65.23, -62.80, -85.49, -78.42, -65.96, -67.72, -92.69, -69.82, -70.50, -79.23, -74.75
2024-08-01, 11:16:19.318704, 93000000, 98000000, 98039.22, 204, -76.92, -84.89, -65.46, -61.27, -67.06, -76.80, -84.48, -70.73, -70.96, -80.95, -82.40, -71.57, -74.08, -70.56, -73.81, -79.94, -79.39, -72.46, -71.62, -77.47, -80.96, -74.01, -81.29, -76.56, -81.34, -85.76, -72.81, -64.92, -68.15, -93.12, -75.69, -72.81, -83.93, -84.89, -78.38, -79.14, -70.74, -75.87, -70.32, -64.67, -58.67, -62.00, -75.68, -79.78, -72.87, -69.80, -68.58, -67.70, -73.59, -75.06, -74.54
2024-08-01, 11:16:19.318704, 103000000, 108000000, 98039.22, 204, -84.00, -82.69, -69.92, -69.05, -71.42, -75.99, -74.78, -72.84, -68.15, -59.70, -64.70, -77.91, -73.11, -68.34, -76.57, -80.85, -62.15, -59.35, -68.71, -81.02, -80.19, -74.12, -77.15, -69.55, -64.66, -71.64, -77.23, -84.46, -91.85, -68.86, -61.97, -70.26, -71.35, -76.36, -78.10, -75.87, -74.19, -70.76, -76.87, -76.75, -95.68, -75.59, -67.67, -73.41, -76.03, -74.51, -71.50, -73.10, -71.17, -69.80, -75.29
2024-08-01, 11:16:19.318704, 88000000, 93000000, 98039.22, 204, -69.75, -65.04, -65.74, -74.81, -81.71, -78.37, -72.46, -79.46, -77.27, -79.42, -74.44, -69.69, -78.64, -75.12, -72.97, -79.12, -81.92, -75.25, -71.14, -75.49, -73.06, -77.19, -78.70, -79.61, -75.56, -78.54, -78.10, -71.08, -70.58, -75.72, -64.90, -60.14, -68.96, -74.05, -70.07, -67.76, -74.34, -79.59, -77.08, -75.68, -74.04, -74.06, -73.38, -75.63, -68.55, -70.01, -79.52, -74.34, -73.39, -74.95, -69.75
2024-08-01, 11:16:19.318704, 98000000, 103000000, 98039.22, 204, -80.48, -75.59, -76.26, -69.09, -73.10, -79.24, -83.48, -79.88, -74.65, -84.43, -74.38, -71.32, -78.99, -74.93, -72.36, -76.45, -74.85, -73.40, -70.11, -69.20, -79.60, -79.45, -78.98, -97.42, -72.07, -70.78, -78.67, -59.19, -53.61, -60.19, -76.88, -73.49, -63.86, -57.24, -60.02, -78.45, -68.61, -67.46, -70.56, -72.10, -74.02, -66.49, -67.04, -72.12, -74.04, -72.70, -70.22, -72.15, -75.07, -76.08, -75.10
2024-08-01, 11:16:19.318704, 93000000, 98000000, 98039.22, 204, -77.18, -77.55, -62.35, -60.85, -68.61, -73.28, -69.61, -69.97, -78.60, -89.32, -76.64, -74.12, -80.36, -76.96, -70.44, -71.25, -81.26, -78.66, -75.79, -76.10, -72.01, -73.48, -75.42, -72.72, -70.24, -70.07, -71.54, -77.29, -82.52, -70.71, -69.76, -72.58, -75.53, -75.66, -77.83, -83.31, -76.36, -73.03, -70.81, -71.39, -60.42, -61.96, -69.05, -75.28, -81.59, -78.74, -83.90, -76.88, -71.81, -70.38, -76.02
2024-08-01, 11:16:19.318704, 103000000, 108000000, 98039.22, 204, -67.94, -69.38, -82.51, -73.44, -80.92, -81.57, -74.03, -87.18, -63.23, -61.06, -69.80, -82.71, -83.12, -73.98, -81.35, -77.14, -72.51, -61.82, -63.27, -69.76, -73.27, -81.74, -79.67, -66.67, -63.21, -69.20, -72.95, -70.75, -76.02, -67.69, -61.11, -62.85, -67.08, -67.03, -72.89, -83.66, -82.12, -79.75, -74.33, -70.45, -69.89, -68.59, -68.06, -79.97, -70.97, -71.94, -78.93, -75.03, -74.38, -84.38, -74.88
2024-08-01, 11:16:19.318704, 88000000, 93000000, 98039.22, 204, -88.85, -69.37, -71.41, -73.01, -73.83, -79.38, -71.23, -67.80, -68.97, -70.59, -79.19, -78.03, -78.31, -76.78, -75.84, -80.00, -71.18, -67.91, -74.55, -71.83, -71.88, -74.51, -78.21, -73.28, -72.02, -74.97, -71.07, -67.91, -66.73, -69.36, -72.48, -63.25, -66.97, -69.72, -77.06, -64.51, -63.54, -64.04, -65.53, -70.73, -73.11, -71.60, -79.40, -82.03, -75.76, -72.45, -69.83, -74.97, -79.30, -70.50, -72.07
2024-08-01, 11:16:19.318704, 98000000, 103000000, 98039.22, 204, -76.70, -76.45, -75.54, -83.58, -82.27, -76.19, -75.25, -69.70, -67.25, -68.23, -70.92, -70.25, -71.55, -89.84, -72.96, -77.68, -90.29, -77.06, -69.81, -71.33, -74.28, -77.19, -74.74, -77.81, -70.69, -70.63, -72.49, -56.82, -54.86, -63.44, -66.10, -68.34, -64.30, -59.23, -63.71, -78.58, -74.54, -65.25, -68.34, -77.55, -69.93, -63.74, -66.97, -70.09, -70.70, -72.51, -67.61, -79.59, -70.92, -68.63, -73.46
2024-08-01, 11:16:19.318704, 93000000, 98000000, 98039.22, 204, -71.61, -68.72, -66.43, -61.80, -72.17, -75.65, -73.61, -91.34, -71.19, -70.37, -77.19, -66.88, -70.55, -77.01, -78.19, -74.18, -72.39, -76.93, -80.99, -78.10, -80.37, -71.48, -73.83, -78.05, -78.68, -72.57, -82.77, -68.07, -66.56, -74.49, -71.34, -78.39, -70.72, -74.81, -75.18, -76.13, -81.81, -74.43, -82.69, -72.93, -60.86, -63.90, -80.15, -77.73, -73.20, -69.48, -74.88, -75.60, -74.15, -80.25, -83.58
2024-08-01, 11:16:19.318704, 103000000, 108000000, 98039.22, 204, -72.52, -71.32, -71.11, -73.58, -69.81, -77.67, -78.63, -72.03, -65.13, -59.53, -67.80, -74.24, -81.37, -68.43, -81.42, -72.82, -65.28, -62.52, -72.53, -76.35, -81.51, -77.66, -76.53, -67.16, -59.75, -62.84, -70.12, -72.14, -74.36, -75.05, -62.78, -64.08, -72.23, -102.83, -72.47, -71.43, -93.99, -69.77, -69.40, -70.67, -74.35, -78.37, -79.74, -77.95, -79.35, -87.95, -75.20, -71.30, -78.41, -76.05, -76.08
2024-08-01, 11:16:19.318704, 88000000, 93000000, 98039.22, 204, -69.37, -80.40, -63.59, -68.87, -69.93, -73.99, -74.70, -73.78, -76.70, -84.65, -93.94, -68.62, -71.64, -67.65, -67.06, -72.53, -70.41, -72.27, -72.07, -68.35, -73.06, -81.37, -74.61, -76.60, -76.90, -73.81, -73.82, -72.28, -69.56, -66.67, -64.65, -60.97, -63.63, -75.79, -72.99, -63.95, -70.86, -71.84, -69.79, -73.79, -71.87, -70.24, -71.49, -70.81, -72.84, -73.36, -80.40, -73.15, -78.23, -75.99, -84.67
2024-08-01, 11:16:19.318704, 98000000, 103000000, 98039.22, 204, -72.67, -72.43, -72.61, -80.63, -72.58, -81.08, -73.74, -67.40, -70.12, -83.11, -78.07, -70.27, -74.09, -76.09, -78.43, -74.88, -82.47, -73.17, -67.94, -68.61, -68.68, -71.53, -73.26, -77.79, -81.99, -73.78, -72.65, -58.82, -53.84, -59.28, -75.12, -75.80, -66.89, -58.63, -61.90, -70.46, -81.84, -65.62, -65.53, -76.66, -67.91, -61.10, -65.14, -73.27, -67.77, -68.30, -76.92, -78.64, -74.87, -72.47, -70.60
2024-08-01, 11:16:19.318704, 93000000, 98000000, 98039.22, 204, -82.88, -64.79, -61.89, -70.52, -71.50, -78.86, -77.76, -80.67, -73.52, -70.20, -94.21, -82.57, -74.95, -67.37, -68.16, -75.18, -85.32, -74.25, -68.17, -66.08, -71.83, -80.17, -71.88, -71.16, -71.55, -73.78, -102.30, -80.58, -85.18, -75.17, -66.87, -69.98, -78.01, -75.88, -78.65, -73.45, -104.23, -77.34, -71.68, -66.93, -60.51, -63.25, -73.08, -75.00, -73.44, -78.68, -87.79, -82.65, -93.65, -71.55, -68.42
2024-08-01, 11:16:19.318704, 103000000, 108000000, 98039.22, 204, -69.21, -70.30, -70.76, -73.67, -79.19, -71.30, -71.53, -71.18, -71.47, -62.34, -66.92, -68.19, -77.08, -72.71, -82.83, -75.33, -62.82, -59.70, -66.83, -78.02, -76.37, -75.43, -73.16, -68.62, -66.17, -80.37, -78.87, -75.52, -69.17, -69.67, -64.70, -70.08, -73.18, -68.91, -72.66, -72.50, -72.22, -70.18, -78.65, -81.21, -72.78, -77.06, -75.28, -77.77, -68.84, -70.05, -74.60, -70.70, -68.54, -80.87, -76.72
2024-08-01, 11:16:19.318704, 88000000, 93000000, 98039.22, 204, -80.61, -71.38, -65.87, -68.87, -77.89, -79.71, -72.35, -73.38, -70.39, -67.38, -68.40, -68.55, -74.23, -90.50, -75.68, -66.63, -65.39, -66.23, -67.12, -69.10, -75.67, -77.43, -87.46, -80.27, -74.31, -76.72, -76.52, -73.08, -71.23, -67.96, -71.91, -62.77, -64.16, -82.53, -72.40, -66.28, -74.05, -87.07, -80.05, -90.36, -79.31, -77.15, -72.62, -73.36, -76.48, -71.12, -70.85, -77.90, -86.72, -93.47, -86.13
2024-08-01, 11:16:19.318704, 98000000, 103000000, 98039.22, 204, -76.81, -71.57, -69.52, -68.96, -74.45, -84.93, -80.04, -73.23, -70.42, -78.70, -79.70, -72.44, -71.37, -70.99, -72.42, -78.92, -77.76, -80.72, -81.92, -76.04, -72.04, -68.68, -76.24, -82.76, -80.01, -86.93, -77.27, -66.96, -57.04, -59.73, -80.69, -78.74, -70.88, -59.20, -59.85, -76.67, -72.35, -76.19, -69.25, -76.20, -78.70, -64.67, -60.91, -67.71, -81.12, -77.61, -79.77, -84.15, -81.76, -82.90, -73.76
2024-08-01, 11:16:19.318704, 93000000, 98000000, 98039.22, 204, -72.72, -69.70, -61.10, -63.29, -76.11, -75.93, -88.08, -75.79, -82.16, -70.99, -69.17, -71.25, -72.70, -74.48, -86.05, -83.40, -77.03, -75.05, -81.67, -76.42, -70.97, -78.45, -77.17, -74.66, -66.85, -70.01, -70.72, -68.97, -73.06, -77.39, -77.59, -76.88, -76.99, -82.39, -83.28, -69.22, -68.51, -80.93, -85.93, -68.48, -61.10, -65.32, -69.80, -72.61, -73.35, -73.11, -70.49, -77.08, -74.68, -80.08, -87.00
2024-08-01, 11:16:19.318704, 103000000, 108000000, 98039.22, 204, -77.56, -77.29, -72.22, -76.12, -83.07, -86.07, -94.44, -69.90, -61.12, -64.04, -74.52, -81.05, -72.98, -68.27, -74.77, -71.68, -59.36, -60.01, -71.26, -75.79, -75.08, -72.96, -69.45, -71.19, -71.06, -81.43, -76.98, -73.56, -74.05, -73.14, -66.35, -70.54, -78.85, -75.88, -74.08, -77.43, -81.59, -67.15, -66.58, -70.47, -73.21, -71.88, -66.39, -75.82, -82.65, -84.16, -73.81, -83.78, -72.27, -69.14, -71.04
2024-08-01, 11:16:19.318704, 88000000, 93000000, 98039.22, 204, -71.78, -66.64, -63.08, -69.22, -71.07, -68.85, -71.34, -83.90, -78.54, -76.61, -72.43, -70.17, -78.83, -79.59, -80.27, -78.92, -71.69, -71.00, -77.88, -75.57, -73.14, -74.07, -71.84, -81.10, -70.88, -75.99, -76.19, -69.47, -69.47, -75.61, -78.12, -62.06, -61.66, -70.72, -72.01, -64.81, -69.55, -97.60, -77.09, -79.21, -82.46, -80.40, -88.38, -78.95, -75.16, -74.15, -71.22, -77.26, -73.16, -74.59, -80.47
2024-08-01, 11:16:19.318704, 98000000, 103000000, 98039.22, 204, -74.06, -80.39, -71.52, -72.61, -89.49, -75.52, -75.08, -74.86, -75.00, -72.67, -69.81, -68.94, -67.22, -72.35, -83.91, -75.20, -67.13, -66.82, -72.49, -78.80, -72.25, -67.68, -72.29, -76.20, -75.88, -73.55, -69.45, -58.45, -55.30, -64.60, -79.08, -83.43, -64.33, -59.11, -63.80, -70.29, -70.51, -64.73, -65.15, -90.40, -67.07, -62.43, -62.70, -68.02, -76.77, -78.21, -72.62, -76.36, -80.46, -67.88, -66.67
2024-08-01, 11:16:19.318704, 93000000, 98000000, 98039.22, 204, -85.58, -75.86, -64.76, -60.62, -65.33, -73.64, -70.02, -72.07, -70.34, -74.51, -75.04, -78.94, -70.37, -75.80, -75.11, -87.82, -93.28, -69.28, -69.45, -78.71, -76.99, -82.91, -78.59, -75.56, -78.23, -75.69, -74.42, -73.08, -71.50, -76.57, -80.01, -73.44, -68.11, -68.81, -75.02, -71.90, -71.81, -77.40, -69.74, -76.38, -61.40, -61.81, -75.33, -76.80, -78.88, -70.42, -73.84, -88.05, -90.30, -76.64, -77.85
2024-08-01, 11:16:19.318704, 103000000, 108000000, 98039.22, 204, -81.60, -75.73, -67.87, -71.09, -83.28, -80.06, -75.62, -67.24, -60.72, -61.89, -72.20, -80.38, -68.45, -67.00, -73.59, -78.58, -64.10, -58.04, -61.69, -69.77, -76.06, -76.09, -72.52, -63.29, -59.96, -63.45, -71.77, -95.62, -88.46, -65.06, -60.91, -68.47, -76.55, -71.51, -87.30, -73.58, -71.88, -69.68, -71.41, -77.06, -78.23, -72.87, -64.83, -67.53, -79.31, -74.59, -69.54, -69.99, -75.31, -86.39, -80.59
2024-08-01, 11:16:19.318704, 88000000, 93000000, 98039.22, 204, -65.61, -61.63, -65.69, -69.86, -70.16, -84.93, -79.16, -74.02, -74.70, -74.41, -74.46, -70.61, -74.66, -80.96, -77.56, -84.50, -78.17, -69.94, -71.61, -76.07, -79.03, -82.37, -74.22, -70.52, -72.36, -73.82, -80.22, -71.19, -75.41, -73.60, -67.98, -61.62, -67.90, -75.04, -68.87, -63.64, -64.09, -70.59, -73.97, -79.38, -73.58, -88.15, -80.17, -85.23, -72.47, -75.37, -73.95, -70.34, -68.32, -78.56, -73.57
2024-08-01, 11:16:19.318704, 98000000, 103000000, 98039.22, 204, -80.51, -76.79, -79.86, -74.48, -75.51, -78.35, -76.84, -76.72, -71.47, -76.54, -69.90, -70.35, -72.35, -75.33, -70.79, -79.98, -81.31, -86.08, -92.25, -73.77, -71.87, -77.07, -100.19, -72.31, -70.05, -71.29, -69.38, -58.57, -54.90, -65.84, -69.41, -74.24, -80.81, -60.38, -58.16, -69.68, -63.13, -61.35, -66.48, -71.93, -63.21, -60.27, -68.42, -68.32, -66.31, -68.18, -71.24, -75.67, -89.52, -73.83, -76.90
2024-08-01, 11:16:19.318704, 93000000, 98000000, 98039.22, 204, -77.51, -73.13, -62.16, -60.00, -67.11, -84.16, -90.60, -80.28, -83.36, -77.17, -88.45, -75.95, -73.32, -72.36, -74.71, -74.08, -71.09, -74.21, -70.84, -68.69, -70.66, -74.02, -74.35, -75.33, -71.01, -71.26, -72.44, -80.96, -71.98, -74.28, -71.66, -73.80, -72.70, -69.21, -79.80, -74.11, -73.32, -81.83, -71.52, -76.84, -60.93, -62.53, -73.61, -78.97, -79.20, -72.15, -67.03, -68.07, -76.84, -86.28, -85.39
2024-08-01, 11:16:19.318704, 103000000, 108000000, 98039.22, 204, -73.96, -68.03, -68.16, -77.83, -68.33, -71.18, -78.25, -77.11, -62.46, -60.54, -68.91, -73.13, -64.66, -64.69, -74.12, -78.16, -74.17, -62.03, -64.33, -88.25, -77.73, -76.75, -67.60, -60.96, -62.74, -80.93, -74.83, -79.05, -72.39, -76.84, -64.49, -67.25, -76.61, -69.88, -70.76, -80.03, -69.17, -66.72, -70.84, -78.62, -77.32, -83.32, -75.61, -70.37, -81.89, -83.55, -75.12, -73.36, -87.21, -72.60, -71.69
2024-08-01, 11:16:19.338399, 88000000, 93000000, 98039.22, 204, -65.37, -62.31, -67.58, -89.39, -76.42, -71.74, -68.39, -69.65, -79.02, -84.84, -70.13, -68.94, -89.07, -77.11, -78.51, -96.28, -70.65, -70.61, -88.52, -73.33, -75.46, -75.64, -71.42, -71.00, -75.02, -86.59, -73.42, -72.02, -70.88, -74.25, -66.35, -62.56, -70.38, -77.18, -69.54, -65.22, -69.24, -73.96, -71.53, -78.46, -80.88, -72.22, -68.81, -69.34, -68.32, -70.43, -76.93, -79.19, -70.94, -72.46, -82.39
2024-08-01, 11:16:19.338399, 98000000, 103000000, 98039.22, 204, -82.76, -72.43, -68.39, -71.62, -76.55, -78.49, -72.17, -71.11, -74.73, -87.70, -75.79, -98.73, -72.64, -70.01, -69.35, -70.46, -68.46, -67.54, -68.83, -76.48, -80.73, -76.75, -77.49, -79.52, -76.67, -76.69, -77.38, -67.29, -56.28, -57.80, -67.78, -76.27, -65.03, -57.93, -61.70, -74.74, -71.64, -68.68, -77.90, -73.65, -60.93, -60.53, -77.72, -72.11, -75.39, -90.53, -74.38, -73.29, -80.31, -74.94, -73.03
2024-08-01, 11:16:19.338399, 93000000, 98000000, 98039.22, 204, -76.79, -74.65, -63.97, -63.17, -68.69, -68.81, -84.72, -70.56, -69.86, -72.47, -75.68, -75.65, -73.13, -68.58, -65.51, -67.02, -69.79, -74.85, -81.95, -89.01, -84.09, -83.67, -79.98, -74.88, -69.77, -68.31, -72.05, -74.87, -70.59, -66.43, -66.78, -70.14, -70.37, -77.38, -80.60, -82.81, -78.30, -70.16, -71.18, -68.77, -62.86, -63.65, -73.20, -80.12, -79.00, -74.77, -76.24, -68.08, -68.87, -71.36, -82.72
2024-08-01, 11:16:19.338399, 103000000, 108000000, 98039.22, 204, -80.43, -78.76, -71.59, -73.53, -73.23, -73.74, -79.06, -68.84, -60.47, -58.31, -67.99, -72.92, -76.51, -73.09, -73.51, -73.66, -73.08, -61.30, -64.58, -77.06, -70.00, -73.93, -82.86, -68.72, -62.00, -71.80, -70.34, -70.27, -73.80, -68.34, -61.87, -65.44, -84.83, -78.15, -71.89, -74.03, -79.23, -65.98, -64.20, -69.17, -69.73, -70.38, -75.26, -76.86, -72.83, -76.93, -83.05, -84.77, -77.80, -70.17, -70.16
2024-08-01, 11:16:19.338399, 88000000, 93000000, 98039.22, 204, -78.56, -65.37, -65.52, -77.97, -74.44, -72.66, -73.11, -71.20, -74.11, -72.84, -71.40, -73.78, -74.71, -70.80, -71.62, -74.88, -70.96, -70.50, -73.83, -70.62, -68.21, -70.56, -80.54, -74.97, -71.96, -77.71, -70.63, -83.65, -78.19, -80.89, -65.64, -63.76, -71.06, -73.51, -77.66, -69.26, -72.22, -82.06, -80.63, -78.60, -86.48, -77.96, -73.84, -78.62, -84.59, -72.54, -70.12, -75.46, -76.73, -76.53, -84.91
2024-08-01, 11:16:19.338399, 98000000, 103000000, 98039.22, 204, -72.79, -81.83, -81.66, -72.15, -76.19, -76.97, -71.29, -74.66, -73.15, -77.44, -66.25, -67.52, -76.46, -80.00, -81.15, -71.99, -68.22, -75.53, -76.00, -71.92, -77.13, -83.09, -88.47, -79.09, -80.29, -91.09, -85.78, -66.38, -57.15, -58.64, -69.03, -85.73, -65.19, -59.17, -67.48, -72.92, -74.17, -67.62, -68.81, -73.82, -68.38, -72.46, -63.63, -69.05, -69.47, -70.14, -76.24, -81.08, -79.24, -72.22, -72.94
2024-08-01, 11:16:19.338399, 93000000, 98000000, 98039.22, 204, -73.68, -69.63, -64.81, -59.20, -61.02, -74.23, -73.61, -68.65, -69.06, -71.35, -80.25, -72.05, -69.20, -71.03, -77.77, -75.68, -72.30, -72.16, -82.13, -73.86, -67.81, -68.40, -74.05, -79.26, -72.82, -73.16, -85.71, -83.60, -73.49, -76.76, -78.06, -74.55, -73.69, -77.81, -95.02, -77.36, -72.31, -78.93, -76.92, -66.44, -60.36, -63.37, -72.95, -74.71, -82.21, -89.41, -90.39, -92.52, -79.45, -79.68, -77.77
2024-08-01, 11:16:19.338399, 103000000, 108000000, 98039.22, 204, -80.12, -77.39, -70.35, -72.32, -82.13, -77.45, -78.06, -70.57, -59.17, -59.15, -68.36, -76.81, -69.53, -67.38, -70.61, -74.12, -63.89, -59.07, -64.01, -72.46, -71.29, -78.82, -76.16, -65.12, -59.50, -62.64, -80.48, -68.72, -69.98, -76.18, -63.23, -65.22, -76.38, -73.20, -82.47, -84.65, -79.39, -75.40, -78.02, -72.48, -69.12, -67.11, -65.38, -65.26, -69.72, -79.02, -82.81, -77.51, -74.17, -77.00, -85.69
2024-08-01, 11:16:19.338399, 88000000, 93000000, 98039.22, 204, -76.35, -70.59, -67.43, -80.93, -82.65, -77.46, -74.30, -73.84, -73.78, -81.13, -80.77, -72.36, -77.71, -81.45, -71.34, -78.92, -65.55, -68.76, -82.78, -76.91, -81.10, -70.57, -66.90, -71.78, -90.94, -81.13, -70.07, -69.06, -70.71, -69.46, -69.99, -62.64, -62.35, -71.08, -72.65, -63.51, -66.06, -74.94, -73.34, -74.06, -85.59, -76.23, -79.33, -72.59, -69.68, -79.92, -97.81, -78.12, -78.81, -72.86, -73.34
2024-08-01, 11:16:19.338399, 98000000, 103000000, 98039.22, 204, -73.99, -71.55, -73.52, -76.36, -76.16, -76.84, -76.08, -70.35, -69.43, -80.52, -100.99, -76.63, -73.47, -75.75, -79.06, -73.47, -74.75, -86.80, -71.51, -68.00, -71.39, -79.12, -75.34, -76.33, -80.36, -74.41, -77.75, -62.77, -54.88, -57.90, -68.13, -76.90, -81.24, -60.55, -59.95, -76.90, -74.31, -65.91, -65.98, -79.81, -73.92, -67.70, -62.86, -68.73, -80.35, -75.57, -74.07, -72.62, -74.41, -81.68, -94.14
2024-08-01, 11:16:19.338399, 93000000, 98000000, 98039.22, 204, -78.72, -77.03, -64.95, -62.18, -68.47, -70.17, -70.77, -72.63, -68.93, -71.92, -81.91, -83.07, -80.56, -74.18, -71.11, -71.56, -84.51, -73.14, -66.78, -69.25, -77.17, -78.40, -72.42, -75.97, -72.54, -68.41, -68.75, -77.56, -67.80, -71.58, -77.27, -72.58, -81.33, -75.37, -75.08, -75.41, -75.40, -85.60, -76.56, -73.07, -62.35, -64.31, -72.91, -73.21, -82.51, -77.05, -72.43, -78.25, -73.89, -78.85, -71.04
2024-08-01, 11:16:19.338399, 103000000, 108000000, 98039.22, 204, -72.73, -83.76, -72.09, -72.26, -75.15, -81.24, -71.99, -74.33, -73.88, -61.19, -64.19, -73.32, -69.03, -65.73, -69.42, -69.81, -59.74, -61.97, -76.74, -73.50, -79.60, -76.02, -71.91, -64.87, -63.32, -73.46, -80.17, -84.05, -94.63, -70.20, -64.55, -69.17, -72.39, -73.66, -74.36, -80.73, -76.47, -68.76, -73.84, -71.44, -73.81, -71.84, -69.45, -73.99, -78.53, -72.05, -72.77, -72.64, -69.60, -73.11, -74.17
2024-08-01, 11:16:19.338399, 88000000, 93000000, 98039.22, 204, -79.26, -67.04, -64.99, -69.55, -81.05, -80.84, -70.66, -77.05, -73.01, -71.53, -69.91, -70.81, -71.03, -75.11, -71.96, -69.00, -73.56, -70.41, -72.00, -78.45, -73.98, -77.21, -73.78, -74.14, -79.96, -85.54, -73.02, -67.87, -71.15, -76.11, -75.21, -60.97, -62.53, -75.03, -70.26, -63.24, -67.28, -82.35, -83.02, -78.13, -77.20, -72.58, -79.30, -73.63, -67.18, -72.00, -90.57, -76.00, -67.36, -68.40, -73.95
2024-08-01, 11:16:19.338399, 98000000, 103000000, 98039.22, 204, -70.37, -79.47, -67.72, -65.26, -70.35, -71.86, -73.06, -88.53, -79.24, -74.72, -74.18, -76.52, -84.39, -80.80, -77.78, -74.07, -72.01, -74.98, -82.31, -76.81, -72.20, -71.31, -75.80, -83.21, -78.17, -72.74, -76.45, -59.51, -55.25, -63.43, -72.13, -80.24, -61.87, -60.48, -76.22, -73.12, -75.33, -66.71, -70.16, -79.05, -69.41, -59.95, -62.06, -79.93, -86.16, -76.86, -71.31, -74.67, -89.52, -76.00, -71.20
2024-08-01, 11:16:19.338399, 93000000, 98000000, 98039.22, 204, -73.70, -73.18, -60.71, -57.10, -61.39, -69.14, -74.60, -74.53, -79.44, -81.65, -83.96, -78.99, -77.24, -69.21, -70.11, -72.73, -78.59, -77.65, -75.89, -89.35, -77.48, -74.72, -76.41, -75.93, -75.80, -72.40, -74.53, -71.49, -74.95, -73.94, -69.62, -67.93, -76.95, -82.52, -76.32, -75.74, -84.20, -76.86, -87.42, -67.99, -59.34, -62.65, -80.30, -87.80, -80.40, -79.66, -89.07, -74.72, -81.63, -76.87, -72.64
2024-08-01, 11:16:19.338399, 103000000, 108000000, 98039.22, 204, -74.07, -75.50, -70.94, -74.89, -72.67, -74.26, -76.32, -71.54, -61.80, -60.08, -67.81, -71.44, -71.25, -72.16, -90.92, -72.93, -62.58, -61.97, -73.90, -71.08, -73.32, -71.93, -80.15, -66.98, -60.44, -66.13, -68.01, -70.14, -83.13, -67.43, -60.50, -65.48, -79.80, -71.77, -72.50, -81.63, -73.15, -69.48, -72.77, -80.09, -75.08, -76.04, -78.87, -72.15, -71.10, -74.65, -74.00, -70.64, -72.89, -87.73, -77.12
2024-08-01, 11:16:19.338399, 88000000, 93000000, 98039.22, 204, -86.18, -66.72, -65.80, -79.09, -79.06, -82.67, -77.36, -73.03, -74.10, -92.08, -77.52, -73.04, -71.43, -71.98, -73.45, -74.13, -76.42, -72.75, -76.09, -65.62, -69.25, -82.75, -84.13, -74.01, -71.49, -73.02, -72.06, -75.98, -79.16, -74.80, -67.11, -61.24, -64.58, -76.71, -73.23, -63.80, -64.27, -69.44, -74.42, -77.38, -73.47, -74.33, -74.88, -79.77, -68.52, -66.94, -67.22, -67.25, -72.31, -80.31, -67.94
2024-08-01, 11:16:19.338399, 98000000, 103000000, 98039.22, 204, -78.22, -91.57, -82.07, -75.59, -81.24, -77.70, -75.56, -81.17, -79.37, -74.73, -76.88, -78.06, -73.21, -70.72, -75.28, -73.07, -71.40, -68.15, -74.66, -78.21, -82.78, -72.06, -66.79, -71.79, -79.87, -77.45, -73.18, -58.75, -54.74, -62.22, -87.97, -75.78, -62.21, -59.74, -67.29, -69.29, -72.42, -66.95, -70.94, -88.52, -81.11, -65.96, -64.83, -76.74, -80.17, -78.62, -78.08, -76.05, -75.92, -75.27, -75.65
2024-08-01, 11:16:19.338399, 93000000, 98000000, 98039.22, 204, -78.21, -74.32, -62.84, -65.58, -72.53, -76.88, -78.77, -82.80, -105.10, -82.34, -75.57, -70.78, -71.16, -71.66, -70.27, -71.50, -72.56, -75.29, -71.37, -70.39, -77.65, -82.67, -76.43, -76.99, -78.99, -76.37, -70.70, -66.59, -69.75, -68.83, -70.47, -76.01, -72.59, -71.33, -69.39, -68.85, -71.42, -75.92, -89.20, -67.74, -59.11, -60.42, -74.50, -83.26, -78.44, -74.72, -78.65, -80.51, -71.50, -72.89, -77.61
2024-08-01, 11:16:19.338399, 103000000, 108000000, 98039.22, 204, -71.85, -73.63, -75.45, -72.30, -70.83, -70.19, -76.11, -73.33, -63.70, -63.84, -78.95, -74.77, -66.02, -67.64, -83.84, -76.62, -65.82, -60.61, -66.33, -71.99, -69.59, -73.26, -77.18, -69.01, -65.99, -80.44, -71.88, -71.59, -71.31, -67.13, -61.98, -61.14, -69.27, -71.55, -75.24, -72.57, -70.23, -66.64, -69.67, -82.31, -71.32, -69.19, -69.18, -68.55, -74.47, -72.75, -69.59, -69.12, -67.61, -67.80, -67.39
2024-08-01, 11:16:19.338399, 88000000, 93000000, 98039.22, 204, -83.75, -64.03, -65.83, -78.45, -96.96, -71.46, -69.96, -75.69, -76.55, -74.83, -73.98, -80.39, -66.77, -73.47, -77.99, -75.23, -72.55, -77.07, -92.95, -79.22, -73.43, -74.61, -77.05, -73.50, -73.21, -78.54, -77.54, -71.61, -72.39, -76.99, -64.95, -60.43, -64.91, -77.99, -68.55, -64.35, -73.43, -72.70, -78.51, -76.01, -76.09, -75.00, -72.18, -74.28, -70.60, -70.10, -80.05, -79.63, -79.36, -70.76, -72.82
2024-08-01, 11:16:19.338399, 98000000, 103000000, 98039.22, 204, -75.58, -75.72, -70.81, -76.93, -74.78, -72.59, -82.65, -77.23, -75.66, -68.32, -68.51, -82.14, -73.32, -72.86, -75.35, -70.60, -69.66, -75.34, -74.42, -71.40, -77.81, -68.26, -68.81, -86.77, -75.17, -81.75, -84.73, -60.69, -54.94, -60.26, -76.07, -77.56, -64.31, -58.04, -61.64, -71.19, -69.16, -66.95, -69.65, -78.29, -73.80, -62.94, -64.55, -72.73, -77.94, -73.93, -77.76, -77.09, -79.73, -86.09, -80.39
2024-08-01, 11:16:19.338399, 93000000, 98000000, 98039.22, 204, -87.43, -81.69, -64.38, -62.07, -74.76, -80.61, -84.41, -70.97, -66.24, -69.77, -73.54, -75.62, -75.71, -82.68, -81.67, -74.09, -75.62, -76.69, -76.05, -78.85, -83.12, -78.64, -71.86, -78.80, -72.91, -78.12, -80.52, -70.95, -71.30, -73.06, -73.85, -81.17, -72.22, -72.62, -76.30, -71.27, -68.51, -68.17, -73.64, -70.92, -61.66, -63.95, -84.19, -79.48, -75.61, -76.58, -70.47, -72.57, -82.75, -85.02, -73.53
2024-08-01, 11:16:19.338399, 103000000, 108000000, 98039.22, 204, -68.80, -69.68, -69.80, -67.66, -70.08, -72.51, -79.29, -69.62, -60.84, -59.27, -68.35, -86.30, -71.31, -69.39, -76.53, -72.41, -66.96, -60.30, -61.69, -77.96, -68.46, -71.41, -75.73, -66.72, -61.56, -63.73, -78.87, -74.38, -70.15, -74.27, -63.96, -69.05, -76.26, -72.03, -79.58, -83.56, -84.05, -76.52, -76.70, -76.52, -74.68, -74.29, -69.60, -74.16, -72.81, -66.94, -68.88, -76.79, -76.70, -70.35, -68.19
2024-08-01, 11:16:19.338399, 88000000, 93000000, 98039.22, 204, -66.87, -62.48, -65.70, -69.43, -73.03, -74.16, -68.41, -70.76, -70.43, -80.65, -86.65, -74.32, -82.40, -72.05, -77.07, -72.30, -69.12, -68.89, -68.97, -71.69, -76.62, -79.11, -72.68, -72.01, -71.53, -81.90, -85.55, -78.48, -73.26, -73.19, -66.10, -61.86, -65.15, -70.21, -98.18, -67.28, -69.81, -70.55, -76.85, -69.40, -72.12, -73.85, -74.50, -71.52, -67.94, -69.75, -74.99, -73.46, -70.57, -71.30, -72.40
2024-08-01, 11:16:19.338399, 98000000, 103000000, 98039.22, 204, -76.59, -80.81, -75.11, -71.26, -73.51, -73.99, -71.99, -70.58, -71.56, -75.09, -79.07, -78.50, -74.37, -75.51, -73.52, -70.58, -78.60, -81.97, -77.58, -70.63, -70.32, -74.96, -79.69, -73.68, -72.38, -77.65, -78.09, -63.12, -55.62, -59.57, -70.75, -76.04, -71.02, -58.40, -58.09, -68.00, -74.88, -68.59, -71.78, -73.74, -62.84, -60.72, -69.99, -73.42, -72.94, -79.85, -74.19, -84.36, -76.23, -80.11, -85.99
2024-08-01, 11:16:19.338399, 93000000, 98000000, 98039.22, 204, -76.19, -66.94, -60.23, -61.49, -72.36, -73.49, -79.20, -69.40, -68.49, -74.29, -74.98, -78.88, -75.61, -73.45, -86.44, -72.98, -77.64, -81.86, -81.66, -75.71, -71.64, -72.16, -77.68, -75.06, -79.39, -77.26, -69.20, -71.38, -85.52, -79.38, -81.63, -86.69, -74.46, -73.69, -75.13, -74.41, -74.89, -89.85, -73.50, -68.24, -61.85, -65.36, -81.90, -81.27, -76.67, -72.77, -71.09, -70.02, -72.61, -75.94, -77.76
2024-08-01, 11:16:19.338399, 103000000, 108000000, 98039.22, 204, -70.38, -68.64, -71.29, -75.97, -67.44, -71.47, -81.72, -72.40, -67.36, -60.71, -68.76, -72.39, -68.60, -71.24, -82.38, -80.59, -64.24, -59.61, -67.34, -81.98, -76.32, -72.74, -69.57, -86.19, -68.65, -70.85, -74.00, -74.72, -74.75, -66.55, -62.66, -70.63, -83.44, -72.30, -73.25, -91.12, -71.80, -65.92, -67.19, -79.38, -75.75, -77.03, -70.05, -76.12, -77.41, -73.89, -76.99, -86.14, -72.21, -71.39, -77.16
2024-08-01, 11:16:19.338399, 88000000, 93000000, 98039.22, 204, -80.10, -64.70, -65.71, -71.92, -73.26, -75.98, -82.97, -75.86, -82.03, -77.05, -78.64, -71.40, -75.05, -77.63, -89.22, -74.25, -77.22, -84.03, -81.93, -77.03, -70.12, -68.28, -75.37, -78.00, -75.10, -74.85, -79.18, -77.97, -78.94, -85.25, -64.92, -61.80, -72.09, -76.66, -69.31, -65.09, -67.67, -78.50, -77.11, -75.31, -71.21, -71.97, -73.11, -79.99, -72.09, -70.55, -74.30, -73.69, -69.23, -72.05, -85.47
2024-08-01, 11:16:19.338399, 98000000, 103000000, 98039.22, 204, -83.79, -89.03, -78.47, -78.23, -69.09, -74.61, -75.11, -78.36, -66.23, -65.75, -70.62, -77.85, -82.00, -71.42, -68.99, -72.27, -69.78, -69.09, -76.55, -80.15, -77.61, -79.23, -76.18, -77.69, -75.34, -76.47, -88.43, -60.91, -55.07, -59.90, -78.61, -70.74, -60.31, -59.22, -77.71, -74.31, -67.30, -66.17, -81.95, -74.23, -65.34, -61.82, -69.22, -70.84, -71.26, -71.05, -74.29, -72.30, -82.38, -70.26, -65.55
2024-08-01, 11:16:19.338399, 93000000, 98000000, 98039.22, 204, -79.28, -68.92, -63.19, -65.94, -82.75, -75.96, -69.86, -70.48, -78.65, -80.35, -77.50, -71.18, -77.73, -71.15, -65.52, -68.72, -72.80, -78.22, -74.30, -86.70, -70.78, -68.35, -71.50, -79.47, -74.30, -79.88, -73.93, -75.32, -77.27, -82.45, -76.05, -70.89, -71.32, -74.41, -71.88, -73.99, -73.14, -75.41, -76.64, -74.09, -61.89, -63.50, -78.46, -79.46, -80.89, -88.73, -82.56, -77.85, -74.20, -75.38, -75.22
2024-08-01, 11:16:19.338399, 103000000, 108000000, 98039.22, 204, -79.12, -69.51, -64.67, -64.30, -76.76, -71.86, -70.44, -75.66, -68.27, -60.90, -67.81, -78.99, -78.65, -79.01, -81.54, -67.04, -59.32, -60.91, -69.84, -73.10, -75.20, -97.23, -75.35, -72.62, -66.99, -69.95, -87.84, -80.20, -94.36, -63.84, -62.07, -77.63, -77.86, -84.22, -75.67, -75.18, -75.60, -66.87, -66.50, -74.72, -75.06, -72.94, -65.94, -73.44, -75.00, -74.86, -78.89, -100.49, -77.86, -70.54, -72.42
2024-08-01, 11:16:19.357975, 88000000, 93000000, 98039.22, 204, -70.27, -68.78, -69.13, -75.31, -90.55, -81.56, -85.08, -77.21, -73.95, -79.40, -74.21, -68.23, -79.44, -69.63, -66.44, -68.15, -83.23, -72.45, -84.08, -77.07, -73.77, -77.33, -78.40, -70.45, -71.61, -94.95, -73.79, -70.39, -70.14, -75.45, -69.73, -60.73, -65.51, -72.86, -79.66, -68.12, -80.36, -75.38, -77.43, -86.80, -73.41, -77.63, -75.42, -70.50, -84.92, -72.75, -70.33, -67.65, -74.06, -80.47, -78.66
2024-08-01, 11:16:19.357975, 98000000, 103000000, 98039.22, 204, -78.45, -77.88, -78.55, -75.61, -71.82, -72.07, -74.92, -74.67, -78.05, -77.88, -73.79, -74.38, -75.63, -72.05, -77.50, -75.95, -72.47, -69.97, -73.92, -71.29, -67.95, -70.43, -80.54, -78.84, -75.62, -73.85, -70.73, -57.03, -53.67, -60.05, -80.78, -72.46, -61.47, -57.99, -65.20, -80.73, -78.60, -66.25, -68.76, -81.22, -72.17, -66.35, -61.79, -69.89, -69.10, -71.14, -76.06, -82.76, -81.23, -72.82, -78.04
2024-08-01, 11:16:19.357975, 93000000, 98000000, 98039.22, 204, -71.90, -76.93, -63.89, -61.93, -75.73, -83.07, -77.63, -74.64, -74.92, -78.04, -70.39, -68.96, -67.12, -71.92, -80.23, -73.22, -81.14, -76.42, -75.28, -73.75, -74.35, -85.72, -78.04, -81.59, -92.44, -79.40, -75.09, -83.84, -75.78, -76.95, -81.04, -72.32, -70.53, -80.02, -82.93, -77.92, -72.02, -72.27, -75.81, -73.24, -62.27, -65.69, -80.03, -80.44, -77.22, -76.43, -85.35, -80.45, -76.05, -82.57, -84.38
2024-08-01, 11:16:19.357975, 103000000, 108000000, 98039.22, 204, -69.53, -76.58, -68.39, -65.95, -66.16, -66.77, -79.91, -66.33, -58.29, -57.62, -66.62, -72.93, -83.10, -72.62, -74.67, -72.44, -60.52, -60.60, -72.31, -75.00, -72.83, -71.22, -71.65, -70.58, -63.84, -64.78, -69.53, -70.79, -73.10, -72.02, -63.02, -67.11, -82.77, -74.89, -72.51, -68.53, -71.98, -68.27, -69.03, -78.91, -75.57, -77.43, -74.59, -69.45, -74.53, -77.19, -72.42, -80.64, -81.03, -73.28, -77.40
2024-08-01, 11:16:19.357975, 88000000, 93000000, 98039.22, 204, -70.03, -66.92, -66.43, -86.87, -67.95, -66.90, -71.15, -75.33, -81.50, -75.48, -71.93, -73.33, -75.80, -78.47, -70.25, -71.57, -69.41, -70.57, -72.85, -72.82, -67.90, -73.26, -70.13, -74.29, -74.91, -78.34, -72.34, -68.09, -78.63, -79.32, -75.28, -62.32, -60.41, -68.48, -70.96, -64.13, -67.07, -75.18, -71.41, -69.09, -71.09, -80.84, -79.20, -81.25, -71.76, -68.56, -67.31, -68.12, -74.21, -78.96, -79.38
2024-08-01, 11:16:19.357975, 98000000, 103000000, 98039.22, 204, -91.83, -75.72, -71.82, -78.20, -73.95, -79.05, -69.80, -69.10, -75.32, -72.39, -69.47, -71.43, -73.34, -81.40, -69.40, -73.03, -70.27, -70.34, -77.12, -69.03, -71.73, -79.83, -76.63, -71.96, -74.33, -74.02, -74.52, -60.55, -53.91, -58.95, -74.88, -78.66, -68.43, -57.84, -61.39, -73.83, -69.73, -68.58, -68.86, -72.62, -68.73, -62.81, -60.28, -63.85, -70.20, -68.00, -67.25, -74.33, -85.63, -77.89, -74.17
2024-08-01, 11:16:19.357975, 93000000, 98000000, 98039.22, 204, -83.52, -73.84, -60.23, -60.54, -71.42, -67.60, -66.84, -67.60, -66.80, -67.19, -78.64, -79.45, -74.36, -73.07, -73.09, -79.42, -78.60, -69.85, -69.24, -76.59, -76.91, -81.22, -86.53, -73.11, -72.67, -84.34, -74.35, -71.23, -70.28, -83.12, -76.55, -77.78, -77.03, -76.46, -82.14, -88.67, -83.28, -84.39, -73.76, -64.06, -59.79, -63.54, -83.33, -68.42, -70.69, -72.05, -79.05, -75.23, -76.88, -69.11, -73.27
2024-08-01, 11:16:19.357975, 103000000, 108000000, 98039.22, 204, -79.48, -74.41, -71.54, -71.38, -69.26, -76.07, -75.60, -72.92, -61.54, -59.06, -65.96, -70.05, -82.34, -67.74, -72.19, -83.20, -65.60, -58.84, -62.70, -74.03, -75.55, -76.10, -74.25, -68.86, -63.77, -70.60, -71.87, -78.71, -74.90, -66.63, -64.45, -77.18, -79.96, -74.93, -77.25, -82.03, -75.40, -67.24, -67.77, -75.19, -91.56, -77.07, -68.68, -69.93, -73.04, -73.03, -83.80, -75.50, -70.73, -70.06, -71.24
2024-08-01, 11:16:19.357975, 88000000, 93000000, 98039.22, 204, -68.68, -72.20, -64.15, -65.75, -70.22, -73.03, -73.56, -76.75, -78.92, -80.08, -72.25, -74.56, -76.95, -87.16, -75.24, -76.67, -83.76, -72.55, -76.45, -78.66, -70.84, -70.63, -80.87, -71.04, -71.31, -74.89, -75.57, -77.38, -73.05, -69.56, -66.20, -61.13, -63.45, -70.52, -76.43, -65.92, -64.31, -71.42, -83.78, -79.79, -75.90, -75.56, -85.00, -74.87, -66.97, -69.11, -72.54, -75.32, -82.18, -75.71, -76.84
2024-08-01, 11:16:19.357975, 98000000, 103000000, 98039.22, 204, -73.90, -83.90, -81.53, -72.05, -75.08, -75.31, -70.51, -81.80, -77.06, -72.95, -74.91, -74.46, -72.37, -77.98, -80.63, -72.17, -72.81, -80.82, -74.68, -80.05, -99.09, -81.62, -70.36, -73.85, -71.82, -69.19, -70.18, -66.15, -57.56, -59.23, -77.84, -71.95, -68.50, -60.03, -64.47, -70.43, -73.91, -66.81, -68.69, -77.83, -69.94, -62.96, -70.79, -72.82, -77.23, -82.66, -74.88, -89.34, -83.88, -75.34, -71.47
2024-08-01, 11:16:19.357975, 93000000, 98000000, 98039.22, 204, -83.60, -71.99, -61.07, -63.51, -74.83, -68.17, -68.00, -71.22, -74.30, -68.30, -67.42, -78.96, -77.18, -72.32, -69.26, -73.05, -72.07, -69.15, -70.35, -69.49, -70.00, -77.32, -71.54, -82.55, -69.16, -71.09, -75.10, -76.40, -79.35, -76.67, -72.84, -74.03, -67.35, -67.79, -73.82, -83.94, -72.05, -69.71, -73.94, -70.66, -60.49, -63.73, -77.51, -70.92, -71.06, -72.58, -72.67, -74.88, -86.14, -81.61, -78.62
2024-08-01, 11:16:19.357975, 103000000, 108000000, 98039.22, 204, -80.21, -93.15, -72.05, -69.97, -74.31, -75.96, -74.64, -76.54, -61.67, -59.84, -76.18, -70.78, -73.47, -67.90, -77.66, -72.18, -65.32, -59.10, -62.80, -77.16, -80.13, -78.53, -76.47, -64.71, -61.65, -66.69, -79.38, -77.09, -76.18, -75.34, -65.22, -68.32, -74.31, -83.98, -75.71, -81.69, -79.82, -77.87, -77.05, -76.19, -75.69, -87.12, -71.41, -72.87, -79.98, -72.03, -77.45, -96.56, -85.96, -78.44, -71.54
2024-08-01, 11:16:19.357975, 88000000, 93000000, 98039.22, 204, -74.33, -67.79, -64.52, -70.88, -83.85, -78.66, -73.69, -76.73, -92.86, -82.00, -85.37, -72.85, -77.04, -75.05, -80.83, -74.76, -71.97, -72.17, -71.44, -70.76, -76.36, -85.06, -73.31, -70.01, -73.11, -76.09, -86.22, -76.26, -77.44, -77.31, -67.78, -61.94, -66.54, -74.24, -65.21, -62.80, -67.77, -75.01, -77.00, -79.82, -88.59, -84.18, -76.35, -67.43, -67.53, -71.89, -75.38, -73.58, -68.68, -68.92, -73.11
2024-08-01, 11:16:19.357975, 98000000, 103000000, 98039.22, 204, -81.85, -71.60, -69.86, -73.53, -86.15, -85.86, -77.79, -69.68, -65.90, -73.10, -88.48, -78.14, -76.30, -80.44, -84.97, -79.01, -89.52, -80.00, -76.58, -74.81, -74.69, -75.76, -75.29, -75.56, -75.28, -73.85, -68.40, -72.50, -57.06, -60.24, -82.12, -76.07, -67.34, -58.82, -63.32, -74.11, -71.73, -65.92, -68.91, -81.06, -70.95, -60.04, -60.73, -66.74, -75.68, -73.28, -72.07, -70.58, -70.68, -75.40, -69.31
2024-08-01, 11:16:19.357975, 93000000, 98000000, 98039.22, 204, -75.75, -69.75, -61.70, -59.97, -67.89, -71.90, -74.76, -79.77, -77.22, -73.54, -89.49, -71.67, -68.52, -80.09, -71.17, -71.40, -68.88, -66.51, -70.84, -73.66, -68.85, -71.15, -76.59, -75.97, -73.93, -70.80, -70.27, -76.17, -76.83, -74.10, -67.61, -67.77, -69.57, -69.22, -73.20, -86.07, -76.15, -75.96, -72.05, -66.87, -61.96, -64.42, -75.74, -71.56, -72.68, -73.69, -71.72, -80.90, -75.59, -73.12, -88.21
2024-08-01, 11:16:19.357975, 103000000, 108000000, 98039.22, 204, -75.10, -79.33, -75.28, -73.51, -78.09, -85.06, -76.87, -71.30, -60.01, -59.83, -69.81, -71.37, -70.13, -74.71, -80.17, -75.55, -66.96, -59.21, -62.41, -68.86, -90.21, -77.03, -80.08, -71.99, -65.81, -70.49, -75.05, -70.23, -77.85, -76.13, -66.58, -73.32, -76.43, -78.02, -68.67, -63.84, -66.93, -68.91, -70.87, -82.46, -75.63, -74.67, -67.90, -73.04, -68.46, -67.42, -76.69, -76.20, -83.27, -89.30, -75.06
2024-08-01, 11:16:19.357975, 88000000, 93000000, 98039.22, 204, -73.35, -64.58, -68.36, -70.98, -71.17, -75.10, -80.34, -71.24, -76.22, -72.85, -64.99, -67.50, -75.82, -72.25, -82.76, -77.78, -74.90, -73.17, -77.53, -75.17, -74.00, -69.21, -72.45, -72.52, -69.68, -74.24, -76.22, -81.05, -77.57, -78.99, -65.44, -63.13, -70.14, -74.55, -71.72, -64.83, -66.66, -73.13, -84.83, -81.82, -79.77, -72.36, -71.51, -72.80, -67.43, -66.23, -74.74, -70.50, -68.86, -77.22, -93.91
2024-08-01, 11:16:19.357975, 98000000, 103000000, 98039.22, 204, -71.80, -73.05, -78.19, -90.98, -100.25, -83.66, -73.21, -77.64, -72.94, -70.31, -78.25, -79.83, -72.01, -73.07, -81.18, -85.10, -84.29, -82.87, -73.61, -72.32, -72.11, -73.82, -74.16, -69.70, -70.44, -74.63, -78.71, -60.42, -56.32, -66.74, -82.97, -78.05, -67.10, -59.94, -65.07, -69.30, -68.68, -69.54, -71.64, -75.47, -71.62, -62.41, -65.21, -76.81, -70.49, -73.62, -75.23, -75.33, -76.43, -79.32, -79.15
2024-08-01, 11:16:19.357975, 93000000, 98000000, 98039.22, 204, -67.88, -73.38, -68.20, -64.84, -73.64, -74.20, -80.30, -77.88, -72.93, -73.23, -72.76, -71.39, -75.67, -83.63, -73.88, -65.17, -63.56, -71.58, -95.39, -77.13, -72.67, -75.89, -76.32, -71.71, -70.43, -75.28, -81.87, -85.86, -70.17, -73.96, -77.20, -71.12, -67.88, -67.66, -70.26, -68.13, -66.60, -68.61, -70.74, -65.71, -59.18, -61.61, -82.27, -73.18, -68.80, -69.96, -85.15, -71.12, -69.48, -81.64, -87.91
2024-08-01, 11:16:19.357975, 103000000, 108000000, 98039.22, 204, -80.21, -75.92, -76.67, -82.36, -90.60, -76.36, -79.14, -69.99, -60.63, -62.66, -75.60, -72.56, -72.92, -73.71, -76.08, -80.77, -61.57, -60.33, -70.33, -74.17, -72.78, -72.65, -70.80, -73.02, -73.19, -64.47, -67.41, -77.72, -83.98, -74.10, -63.46, -64.71, -69.89, -67.80, -68.58, -70.49, -72.59, -70.71, -69.44, -70.29, -74.34, -83.80, -85.34, -77.97, -83.26, -76.73, -82.91, -72.60, -72.82, -68.73, -67.91
2024-08-01, 11:16:19.357975, 88000000, 93000000, 98039.22, 204, -67.08, -63.78, -71.50, -77.34, -78.15, -75.99, -72.43, -72.84, -76.56, -80.73, -84.41, -72.52, -69.06, -71.60, -75.69, -74.13, -71.94, -69.59, -69.58, -69.24, -72.03, -80.41, -88.27, -75.79, -79.42, -76.18, -74.26, -74.05, -72.01, -70.99, -63.04, -62.95, -78.62, -77.52, -70.95, -64.44, -71.29, -80.15, -78.37, -68.36, -68.62, -75.48, -78.59, -71.45, -70.76, -68.71, -87.87, -74.55, -76.67, -70.93, -67.28
2024-08-01, 11:16:19.357975, 98000000, 103000000, 98039.22, 204, -71.41, -79.79, -73.44, -83.24, -76.64, -81.68, -72.97, -71.06, -67.86, -66.81, -75.09, -69.08, -73.76, -73.28, -87.91, -74.58, -76.51, -73.66, -99.35, -80.64, -77.39, -74.70, -70.76, -80.06, -81.64, -76.92, -71.10, -61.82, -55.02, -59.26, -76.37, -81.67, -63.88, -58.06, -63.18, -73.29, -79.40, -76.29, -71.09, -76.36, -64.04, -59.46, -66.35, -78.79, -80.46, -90.31, -76.03, -78.40, -81.09, -82.56, -78.11
2024-08-01, 11:16:19.357975, 93000000, 98000000, 98039.22, 204, -73.81, -64.54, -60.30, -66.97, -79.02, -73.50, -84.83, -78.49, -85.75, -87.22, -75.72, -70.69, -70.62, -68.76, -68.87, -69.82, -66.86, -68.56, -71.14, -68.38, -74.77, -72.62, -69.66, -72.66, -76.07, -76.98, -84.03, -72.11, -68.36, -75.71, -76.75, -81.78, -72.81, -77.27, -89.31, -74.43, -71.19, -72.84, -74.31, -71.37, -62.18, -64.27, -73.75, -78.20, -73.37, -71.93, -70.72, -70.93, -86.68, -73.81, -73.66
2024-08-01, 11:16:19.357975, 103000000, 108000000, 98039.22, 204, -69.90, -69.33, -71.06, -79.23, -73.50, -71.20, -70.94, -69.01, -61.11, -58.92, -67.55, -78.38, -79.50, -75.25, -71.79, -79.44, -61.33, -60.43, -74.53, -81.96, -76.74, -80.02, -77.82, -73.36, -62.74, -63.41, -72.86, -89.15, -73.64, -64.81, -61.72, -65.71, -76.35, -71.85, -72.20, -73.24, -68.24, -67.51, -69.87, -72.41, -72.19, -72.73, -82.13, -75.42, -74.37, -79.90, -76.78, -74.79, -72.46, -79.18, -71.61
2024-08-01, 11:16:19.357975, 88000000, 93000000, 98039.22, 204, -70.44, -61.21, -61.36, -69.41, -83.75, -76.79, -71.32, -76.78, -79.26, -68.42, -64.42, -64.99, -70.83, -74.60, -70.58, -71.49, -71.30, -77.45, -72.87, -71.27, -80.23, -74.92, -70.48, -69.44, -79.19, -70.64, -75.15, -79.26, -75.94, -84.18, -72.59, -62.62, -66.25, -74.03, -67.69, -62.24, -64.48, -69.24, -71.60, -74.69, -77.38, -75.52, -77.36, -77.96, -72.49, -76.75, -75.09, -68.89, -71.89, -77.41, -74.03
2024-08-01, 11:16:19.357975, 98000000, 103000000, 98039.22, 204, -83.74, -76.83, -74.12, -70.64, -77.98, -76.47, -86.80, -72.56, -78.21, -75.20, -72.28, -87.53, -75.77, -76.09, -82.19, -85.02, -79.51, -86.33, -76.77, -75.19, -75.03, -71.15, -71.94, -81.38, -73.08, -70.20, -74.24, -63.60, -55.39, -59.28, -70.05, -74.71, -63.33, -58.51, -65.73, -72.22, -74.70, -70.07, -71.87, -72.36, -66.81, -60.05, -61.23, -69.92, -69.45, -76.85, -77.37, -73.95, -67.67, -70.25, -75.66
2024-08-01, 11:16:19.357975, 93000000, 98000000, 98039.22, 204, -66.45, -65.92, -60.66, -60.91, -70.15, -77.83, -80.94, -70.38, -83.68, -78.12, -76.68, -78.32, -75.36, -69.51, -83.07, -72.51, -72.53, -69.77, -69.89, -68.93, -73.00, -72.34, -69.22, -72.42, -81.92, -88.48, -76.56, -73.55, -79.86, -75.88, -74.27, -80.96, -72.09, -72.94, -72.53, -84.44, -75.81, -77.37, -81.74, -74.15, -62.53, -64.11, -72.51, -69.31, -75.96, -84.94, -83.40, -73.19, -67.26, -68.35, -78.11
2024-08-01, 11:16:19.357975, 103000000, 108000000, 98039.22, 204, -72.44, -79.88, -75.05, -80.56, -77.42, -80.25, -76.74, -78.37, -66.23, -64.68, -78.32, -74.08, -67.92, -67.87, -73.42, -69.78, -66.40, -59.75, -65.58, -74.47, -82.24, -70.24, -70.21, -66.81, -62.07, -69.00, -74.59, -72.84, -72.85, -68.36, -60.78, -65.35, -67.43, -72.37, -77.13, -75.81, -71.36, -69.53, -75.11, -73.86, -70.12, -75.03, -74.00, -71.82, -71.83, -68.26, -68.07, -71.36, -73.03, -84.83, -81.68
2024-08-01, 11:16:19.357975, 88000000, 93000000, 98039.22, 204, -71.82, -77.30, -65.00, -66.64, -82.85, -78.15, -75.85, -71.19, -70.02, -76.27, -76.89, -70.05, -66.75, -69.71, -72.64, -69.32, -68.50, -73.61, -71.37, -69.67, -76.86, -78.66, -76.60, -80.51, -68.42, -68.43, -75.93, -77.74, -72.72, -85.07, -72.54, -63.67, -64.54, -81.45, -69.07, -66.87, -76.22, -77.15, -75.76, -84.21, -71.14, -72.52, -85.07, -74.39, -70.36, -73.85, -74.19, -74.96, -82.80, -83.31, -71.11
2024-08-01, 11:16:19.357975, 98000000, 103000000, 98039.22, 204, -69.87, -73.32, -77.54, -109.71, -73.46, -79.04, -78.81, -71.73, -72.42, -67.17, -68.36, -83.81, -84.28, -72.50, -78.38, -76.46, -78.58, -81.62, -76.91, -71.46, -71.68, -78.68, -78.04, -74.51, -68.29, -66.71, -70.68, -64.73, -56.15, -61.08, -80.93, -95.50, -68.75, -57.09, -58.18, -68.17, -79.71, -66.35, -65.34, -71.85, -94.79, -62.97, -58.81, -64.83, -81.69, -70.20, -70.36, -75.99, -78.25, -76.73, -79.38
2024-08-01, 11:16:19.357975, 93000000, 98000000, 98039.22, 204, -70.60, -67.77, -73.61, -61.80, -66.91, -77.48, -80.99, -76.70, -68.35, -75.89, -84.13, -74.04, -76.77, -82.83, -69.26, -74.15, -80.37, -70.47, -70.47, -74.41, -81.48, -84.26, -73.59, -72.40, -82.21, -70.95, -73.54, -77.99, -81.73, -77.50, -73.08, -85.05, -88.80, -82.00, -78.03, -89.38, -75.55, -71.31, -70.00, -81.21, -62.76, -64.20, -78.87, -76.22, -70.32, -72.47, -69.03, -71.38, -74.25, -71.29, -74.16
2024-08-01, 11:16:19.357975, 103000000, 108000000, 98039.22, 204, -75.73, -79.19, -68.48, -66.05, -75.05, -80.30, -72.19, -78.22, -62.29, -61.18, -74.80, -77.62, -74.17, -67.75, -74.42, -73.45, -65.52, -59.25, -67.44, -73.23, -72.13, -75.69, -74.23, -67.95, -69.20, -73.01, -91.21, -83.38, -81.90, -69.96, -63.70, -69.69, -70.54, -76.57, -74.89, -75.14, -80.85, -72.39, -80.94, -78.63, -69.51, -69.52, -84.84, -76.67, -79.52, -78.16, -77.54, -70.06, -69.27, -80.61, -95.76
2024-08-01, 11:16:19.377748, 88000000, 93000000, 98039.22, 204, -69.75, -66.40, -63.17, -67.46, -79.03, -72.79, -72.04, -77.85, -77.74, -75.91, -75.60, -66.93, -65.73, -69.72, -72.82, -70.06, -71.42, -75.86, -67.96, -71.40, -75.29, -77.18, -84.54, -72.19, -69.61, -74.51, -81.12, -78.18, -73.18, -72.95, -69.31, -59.81, -61.23, -70.87, -72.46, -67.82, -76.97, -77.35, -76.67, -75.48, -83.44, -85.12, -74.72, -81.02, -78.24, -77.72, -85.14, -80.41, -81.30, -76.56, -81.15
2024-08-01, 11:16:19.377748, 98000000, 103000000, 98039.22, 204, -82.33, -72.82, -71.46, -71.12, -79.74, -74.20, -77.48, -73.65, -71.25, -71.82, -80.05, -74.68, -72.15, -78.07, -71.67, -75.47, -77.41, -74.51, -68.62, -71.47, -76.09, -74.20, -78.59, -77.60, -79.37, -73.41, -79.84, -64.13, -55.37, -61.87, -72.11, -78.77, -65.13, -57.97, -61.67, -78.81, -72.16, -66.52, -69.88, -70.66, -71.08, -64.26, -65.13, -74.23, -78.58, -76.40, -74.10, -73.97, -73.18, -73.34, -75.58
2024-08-01, 11:16:19.377748, 93000000, 98000000, 98039.22, 204, -72.33, -65.47, -59.49, -63.03, -72.70, -70.76, -72.58, -75.76, -76.78, -72.27, -79.42, -75.70, -77.89, -74.93, -66.97, -69.34, -73.51, -73.11, -83.23, -73.66, -72.67, -73.14, -72.26, -73.54, -74.65, -72.01, -73.93, -75.64, -74.23, -70.78, -72.23, -71.95, -70.02, -70.62, -74.83, -75.84, -69.79, -69.72, -74.76, -72.67, -62.48, -67.06, -71.74, -75.33, -76.13, -75.85, -76.25, -73.03, -78.60, -73.47, -68.56
2024-08-01, 11:16:19.377748, 103000000, 108000000, 98039.22, 204, -83.09, -79.75, -70.49, -67.31, -71.40, -78.71, -76.57, -74.57, -64.23, -61.77, -67.78, -69.66, -67.85, -70.42, -81.89, -71.17, -62.29, -59.41, -66.52, -67.58, -70.68, -76.59, -75.08, -68.19, -59.74, -61.73, -76.12, -81.39, -80.41, -72.31, -67.47, -68.93, -72.08, -71.46, -71.52, -75.81, -75.87, -68.49, -71.67, -76.16, -72.95, -72.21, -66.24, -71.10, -81.16, -78.35, -88.09, -73.78, -106.56, -78.71, -75.64
2024-08-01, 11:16:19.377748, 88000000, 93000000, 98039.22, 204, -69.96, -67.14, -65.64, -73.62, -72.71, -70.46, -74.57, -79.23, -75.99, -76.01, -69.24, -72.45, -73.39, -72.97, -71.45, -69.53, -76.70, -73.52, -78.96, -72.79, -74.75, -75.72, -77.22, -73.35, -72.63, -93.81, -72.22, -71.50, -69.88, -73.34, -71.23, -64.88, -65.29, -69.40, -70.29, -63.34, -65.03, -67.31, -68.79, -74.94, -71.16, -71.59, -81.14, -77.64, -66.49, -66.17, -70.17, -70.46, -72.51, -83.35, -76.60
2024-08-01, 11:16:19.377748, 98000000, 103000000, 98039.22, 204, -79.50, -100.41, -70.68, -71.12, -90.02, -77.22, -79.50, -78.15, -86.04, -75.96, -74.17, -73.51, -70.86, -72.40, -79.23, -69.94, -68.97, -68.38, -69.61, -87.16, -77.74, -77.50, -74.98, -83.83, -74.71, -89.42, -72.61, -57.56, -54.79, -63.59, -78.37, -73.06, -64.50, -58.06, -63.74, -76.78, -78.39, -72.71, -85.80, -82.96, -66.53, -60.91, -63.37, -68.17, -68.98, -67.00, -76.92, -71.64, -69.08, -69.37, -69.32
2024-08-01, 11:16:19.377748, 93000000, 98000000, 98039.22, 204, -66.13, -72.57, -62.59, -60.27, -67.10, -83.23, -68.71, -67.80, -72.50, -76.02, -70.45, -73.69, -71.77, -73.53, -78.83, -72.98, -73.30, -89.77, -79.51, -77.48, -83.32, -78.48, -85.50, -73.50, -71.01, -73.27, -72.50, -71.71, -68.44, -70.63, -73.12, -66.28, -65.75, -69.67, -76.63, -79.07, -70.71, -69.94, -70.03, -77.05, -60.98, -63.55, -67.40, -69.75, -69.71, -74.90, -75.71, -83.44, -84.34, -73.17, -81.06
2024-08-01, 11:16:19.377748, 103000000, 108000000, 98039.22, 204, -79.58, -76.60, -69.85, -66.05, -67.59, -96.84, -71.77, -77.98, -65.07, -58.75, -62.85, -75.95, -75.09, -71.01, -70.73, -70.62, -59.32, -58.11, -64.98, -71.71, -89.28, -78.69, -73.79, -82.33, -66.31, -65.14, -73.55, -75.03, -73.59, -71.94, -62.45, -64.04, -76.74, -78.54, -73.74, -72.67, -72.93, -72.13, -77.87, -81.64, -71.86, -74.77, -69.57, -67.18, -76.51, -78.65, -81.76, -74.99, -82.85, -79.04, -72.81
